PF03265,GO:0004531,0.970373698
PF02100,GO:0008073,0.894019654
PF03261,GO:0016534,0.845389836
PF01233,GO:0004379,0.826806061
PF02799,GO:0004379,0.811838926
PF02289,GO:0018759,0.808923301
PF04140,GO:0004671,0.808873723
PF03306,GO:0047605,0.808735497
PF01175,GO:0016153,0.7997524
PF06175,GO:0045301,0.79034824
PF05694,GO:0008430,0.789807806
PF14583,GO:0047487,0.783228442
PF04958,GO:0008791,0.782904225
PF02571,GO:0016994,0.782721263
PF01678,GO:0008837,0.782461006
PF02632,GO:0015225,0.781862838
PF06330,GO:0045482,0.776454521
PF01014,GO:0004846,0.772900866
PF01154,GO:0004421,0.768462674
PF02522,GO:0046353,0.765939603
PF06339,GO:0033990,0.759970966
PF13720,GO:0008780,0.755411336
PF01658,GO:0004512,0.748757639
PF00121,GO:0004807,0.747209234
PF04973,GO:0034257,0.745875978
PF02426,GO:0016159,0.743812963
PF04204,GO:0008899,0.730869839
PF01913,GO:0030270,0.727519143
PF02741,GO:0030270,0.726140518
PF09298,GO:0004334,0.725639126
PF07994,GO:0004512,0.723424444
PF14748,GO:0004735,0.717270596
PF08503,GO:0047200,0.713155823
PF08540,GO:0004421,0.706588757
PF05028,GO:0004649,0.705366514
PF00302,GO:0008811,0.690818133
PF02219,GO:0004489,0.680497248
PF01195,GO:0004045,0.678166054
PF03740,GO:0033856,0.677964033
PF02098,GO:0043176,0.658139195
PF02261,GO:0004068,0.656908176
PF12324,GO:0018836,0.656780474
PF14698,GO:0004056,0.652696416
PF07365,GO:0030550,0.646598145
PF02611,GO:0008715,0.64541381
PF06026,GO:0004751,0.633532061
PF09508,GO:0050500,0.619325675
PF02609,GO:0008855,0.608081041
PF03786,GO:0008927,0.601457728
PF04377,GO:0004057,0.600674418
PF01374,GO:0016977,0.597984941
PF04376,GO:0004057,0.589984716
PF03462,GO:0016149,0.585567123
PF12411,GO:0047753,0.579725691
PF12176,GO:0047152,0.57019237
PF13382,GO:0000034,0.56916564
PF06964,GO:0046556,0.56615743
PF14805,GO:0008666,0.56527635
PF03806,GO:0015558,0.557736173
PF05993,GO:0046812,0.554998947
PF10408,GO:0034450,0.553204754
PF07137,GO:0046422,0.551309177
PF03588,GO:0008914,0.549481595
PF01644,GO:0004100,0.548159976
PF14249,GO:0009976,0.547216613
PF02364,GO:0003843,0.547203701
PF04724,GO:0003830,0.545988959
PF08291,GO:0009046,0.545282181
PF02666,GO:0004609,0.542551239
PF06314,GO:0047602,0.538327326
PF01680,GO:0036381,0.536960532
PF04996,GO:0009015,0.536901363
PF14736,GO:0008418,0.535864947
PF01289,GO:0015485,0.533304503
PF02614,GO:0008880,0.532994385
PF05090,GO:0008488,0.530006276
PF03332,GO:0004615,0.529887285
PF01531,GO:0008107,0.529172817
PF15027,GO:0030144,0.527330742
PF03594,GO:0042925,0.518818331
PF02417,GO:0015109,0.518446851
PF10605,GO:0047989,0.517709386
PF02684,GO:0008915,0.517479557
PF01185,GO:0005199,0.514861189
PF02962,GO:0008704,0.514235588
PF06426,GO:0009001,0.513943843
PF04179,GO:0043399,0.513457805
PF04443,GO:0047474,0.512786207
PF14288,GO:0003843,0.509140809
PF04336,GO:0008770,0.508774761
PF01235,GO:0015655,0.505274321
PF17184,GO:0043399,0.505069819
PF04346,GO:0034228,0.501807649
PF01723,GO:0005213,0.494917743
PF05971,GO:0052907,0.494294991
PF02673,GO:0050380,0.49412171
PF02940,GO:0004651,0.478584775
PF00737,GO:0042301,0.478438026
PF05428,GO:0051424,0.47092296
PF01845,GO:0008657,0.470090205
PF05111,GO:0030345,0.469498317
PF08086,GO:0019870,0.462614929
PF12390,GO:0004125,0.452279273
PF11699,GO:0019237,0.451931296
PF05292,GO:0050080,0.451268112
PF15899,GO:0033945,0.449238627
PF05373,GO:0033763,0.447712638
PF07378,GO:0048027,0.446062703
PF04752,GO:0003839,0.443567909
PF01922,GO:0008312,0.44052914
PF02652,GO:0015129,0.439710525
PF04188,GO:0004584,0.435313537
PF08407,GO:0004100,0.435016285
PF03663,GO:0008496,0.430770596
PF04769,GO:0008301,0.430354287
PF08236,GO:0046975,0.428313565
PF01887,GO:0033846,0.421282761
PF09515,GO:0015234,0.421123066
PF07357,GO:0030701,0.413954076
PF13396,GO:0008808,0.41216117
PF06610,GO:0034639,0.411659686
PF01413,GO:0005201,0.410765137
PF01320,GO:0015643,0.407908538
PF04445,GO:0008990,0.407275169
PF02749,GO:0004514,0.403589856
PF02964,GO:0015049,0.403405859
PF06835,GO:0015221,0.396945685
PF09071,GO:0033942,0.395959916
PF02109,GO:0004579,0.394263435
PF16923,GO:0004573,0.390722161
PF00584,GO:0015450,0.390356979
PF02058,GO:0030250,0.388659859
PF01782,GO:0043022,0.38828006
PF14829,GO:0004366,0.386956066
PF03605,GO:0015556,0.384534636
PF01101,GO:0031492,0.383566675
PF02411,GO:0015097,0.379906832
PF02355,GO:0015450,0.376370226
PF00436,GO:0003697,0.372828404
PF07846,GO:0046870,0.369784502
PF16192,GO:0004169,0.367197114
PF02333,GO:0016158,0.363378581
PF12218,GO:0016996,0.362932964
PF10706,GO:0008871,0.362830243
PF12217,GO:0016996,0.360442091
PF04597,GO:0004579,0.358893808
PF06450,GO:0015385,0.358874739
PF03872,GO:0016989,0.358236527
PF12219,GO:0016996,0.356136894
PF04816,GO:0016429,0.354581612
PF05138,GO:0097266,0.353505329
PF06351,GO:0046423,0.352750394
PF03742,GO:0045158,0.352742098
PF01862,GO:0008792,0.351501678
PF07549,GO:0015450,0.347654641
PF03348,GO:0015194,0.346743157
PF15924,GO:0004377,0.340183843
PF06754,GO:0061693,0.330373492
PF07335,GO:0016977,0.329674759
PF15847,GO:0030280,0.328395957
PF01981,GO:0004045,0.326836864
PF08307,GO:0033929,0.318988008
PF09244,GO:0009018,0.318968153
PF03659,GO:0051118,0.318096759
PF02065,GO:0052692,0.316518636
PF10423,GO:0008714,0.312289979
PF02827,GO:0004862,0.311671501
PF01356,GO:0015066,0.309136845
PF00030,GO:0005212,0.301742916
PF16874,GO:0052692,0.29770588
PF16875,GO:0052692,0.297656391
PF03254,GO:0008107,0.295846297
PF08092,GO:0019871,0.292743183
PF02649,GO:0003934,0.290885084
PF09198,GO:0033821,0.289473684
PF05698,GO:0003755,0.285547619
PF04979,GO:0004864,0.285179048
PF02113,GO:0009002,0.284059953
PF01955,GO:0043756,0.284012801
PF03507,GO:0019534,0.283679154
PF15036,GO:0005157,0.283050762
PF16453,GO:0005086,0.282458889
PF05653,GO:0015095,0.281786663
PF02553,GO:0015087,0.279839891
PF06357,GO:0019855,0.278742895
PF05697,GO:0003755,0.275992404
PF13684,GO:0004371,0.275745864
PF05994,GO:0000340,0.275234134
PF02329,GO:0004398,0.274271796
PF04275,GO:0004631,0.273600934
PF07190,GO:0005031,0.272815673
PF09318,GO:0047265,0.271716193
PF06558,GO:0045182,0.271071777
PF07942,GO:0030735,0.270493536
PF04666,GO:0008454,0.270076652
PF01603,GO:0019888,0.270053309
PF07212,GO:0004415,0.267831245
PF02240,GO:0050524,0.266653136
PF03968,GO:0001530,0.266409008
PF13447,GO:0047991,0.265424642
PF06243,GO:0097266,0.263918656
PF17386,GO:0050500,0.263157895
PF17385,GO:0050500,0.263157895
PF17391,GO:0016153,0.263157895
PF17392,GO:0016153,0.263157895
PF04965,GO:0043856,0.262264525
PF02590,GO:0070038,0.259590627
PF07159,GO:0000340,0.258909316
PF02783,GO:0050524,0.258779445
PF03818,GO:0044668,0.25811834
PF00399,GO:0005199,0.257998955
PF05024,GO:0017176,0.254339434
PF01132,GO:0003746,0.254012401
PF01790,GO:0008961,0.253838094
PF03616,GO:0015501,0.253463102
PF06331,GO:0000182,0.25271408
PF02241,GO:0050524,0.251526507
PF07826,GO:0003937,0.250747807
PF06559,GO:0008829,0.250723918
PF09213,GO:0019956,0.248107643
PF08485,GO:0003978,0.247594726
PF10181,GO:0017176,0.244002969
PF08099,GO:0019855,0.243577892
PF07829,GO:0030550,0.241721529
PF07786,GO:0015019,0.238108633
PF09285,GO:0003746,0.237820339
PF15129,GO:0030298,0.236931675
PF17064,GO:0034235,0.235537936
PF00213,GO:0046933,0.233902447
PF16317,GO:0004569,0.231369547
PF02527,GO:0070043,0.228579248
PF04734,GO:0017040,0.227267103
PF01295,GO:0004016,0.226296944
PF12633,GO:0004016,0.223241296
PF03955,GO:0031423,0.221096855
PF00661,GO:0039660,0.219993839
PF07307,GO:0036422,0.218744481
PF00707,GO:0003743,0.218233759
PF09631,GO:0000213,0.215456485
PF01635,GO:0039660,0.21426464
PF17048,GO:0017040,0.213984129
PF01252,GO:0004190,0.213031405
PF17440,GO:0015485,0.212878365
PF02814,GO:0016151,0.21257625
PF08117,GO:0019855,0.211942848
PF05198,GO:0003743,0.20846629
PF13469,GO:0008476,0.206438037
PF01730,GO:0016151,0.204096848
PF05194,GO:0016151,0.203083027
PF08093,GO:0019871,0.200953747
PF17387,GO:0004336,0.200728966
PF04206,GO:0030269,0.199882764
PF01774,GO:0016151,0.199605641
PF07615,GO:0030975,0.199576155
PF00818,GO:0050825,0.19892867
PF07680,GO:0043831,0.198407233
PF09196,GO:0047470,0.197304373
PF04173,GO:0043831,0.19640087
PF05440,GO:0030269,0.195288103
PF03873,GO:0016989,0.194482392
PF16520,GO:0039660,0.192370061
PF06444,GO:0008137,0.191854379
PF06874,GO:0042132,0.190958777
PF02659,GO:0005384,0.190716095
PF01122,GO:0031419,0.189512306
PF07823,GO:0004113,0.189116974
PF06179,GO:0001104,0.188603229
PF12658,GO:0043047,0.188528892
PF03513,GO:0015643,0.188369456
PF04211,GO:0030269,0.187576016
PF14592,GO:0033999,0.186080732
PF13016,GO:0045735,0.185925928
PF02988,GO:0019834,0.185394812
PF15624,GO:0019237,0.184679946
PF02284,GO:0004129,0.184055319
PF05353,GO:0019871,0.183773207
PF10435,GO:0004565,0.183683202
PF13363,GO:0004565,0.180777911
PF13618,GO:0033717,0.178830794
PF04207,GO:0030269,0.177646932
PF13477,GO:0102335,0.177560148
PF11522,GO:0004430,0.177169724
PF06423,GO:0032216,0.176148456
PF14790,GO:0008666,0.174559199
PF09153,GO:0003908,0.173968494
PF05336,GO:0016857,0.17380608
PF07736,GO:0004106,0.173784774
PF01155,GO:0016151,0.173679499
PF13669,GO:0004493,0.173521177
PF00280,GO:0004867,0.17258946
PF01098,GO:0008955,0.172446828
PF12573,GO:0003863,0.170854036
PF09178,GO:0004134,0.17038246
PF09411,GO:0050528,0.17004557
PF04210,GO:0030269,0.169754763
PF17408,GO:0050080,0.168865513
PF15170,GO:0008427,0.167375651
PF09992,GO:0003944,0.167056547
PF16782,GO:0000774,0.166944448
PF02107,GO:0003774,0.16681419
PF10510,GO:0003923,0.166658015
PF12590,GO:0047381,0.166435666
PF07298,GO:0090471,0.166391161
PF05242,GO:0043199,0.165422075
PF03379,GO:0015232,0.164243666
PF06213,GO:0051116,0.163467392
PF11775,GO:0051116,0.163325988
PF07447,GO:0039660,0.162283114
PF04614,GO:0036105,0.162245992
PF03706,GO:0050071,0.158961371
PF03958,GO:0008565,0.158595382
PF00263,GO:0008565,0.158426827
PF14010,GO:0008964,0.157755818
PF04805,GO:0016972,0.157687419
PF04554,GO:0005199,0.156536471
PF02285,GO:0004129,0.155493396
PF08288,GO:0017176,0.15494763
PF17049,GO:0045182,0.154942673
PF10456,GO:0035091,0.154227309
PF08510,GO:0017176,0.153271691
PF09184,GO:0019888,0.152773897
PF11698,GO:0046961,0.152642149
PF17433,GO:0033904,0.151934281
PF08037,GO:0000772,0.151934281
PF06342,GO:0018774,0.151725437
PF08640,GO:0030515,0.151239752
PF02074,GO:0004181,0.150865771
PF02007,GO:0030269,0.149522365
PF08998,GO:0015643,0.149075509
PF03388,GO:0005537,0.1489527
PF08201,GO:0018805,0.147775196
PF04881,GO:0005537,0.147633205
PF02917,GO:0003950,0.146917719
PF04431,GO:0030570,0.146184292
PF01052,GO:0003774,0.146064335
PF03759,GO:0005089,0.144470493
PF05631,GO:0015098,0.143923122
PF16076,GO:0003841,0.143876041
PF05052,GO:0015097,0.142801776
PF01310,GO:0031423,0.142717406
PF13671,GO:0046404,0.141936813
PF12534,GO:0005225,0.141036966
PF12437,GO:0004356,0.141032624
PF03932,GO:0005507,0.140845282
PF17389,GO:0030596,0.140663812
PF06455,GO:0008137,0.140621781
PF12465,GO:0004298,0.14023189
PF15711,GO:0008375,0.139560549
PF00635,GO:0033149,0.138767873
PF03650,GO:0050833,0.13850931
PF02095,GO:0005199,0.137966996
PF02320,GO:0008121,0.137877145
PF04113,GO:0003923,0.137867349
PF08094,GO:0019871,0.137854158
PF02404,GO:0005173,0.137781638
PF09398,GO:0030292,0.13766279
PF16411,GO:2001070,0.136067765
PF00228,GO:0004867,0.134434991
PF07578,GO:0008915,0.133909751
PF03649,GO:0005460,0.133896274
PF15622,GO:0019237,0.133697919
PF16862,GO:0004566,0.131578947
PF04411,GO:0102209,0.131578947
PF11893,GO:0008484,0.13131487
PF03341,GO:0004482,0.130629062
PF02462,GO:0015288,0.130348593
PF04625,GO:0005213,0.129870242
PF00720,GO:0004867,0.129485712
PF05624,GO:0070506,0.12915438
PF01059,GO:0008137,0.129032187
PF03198,GO:0042124,0.12876328
PF05011,GO:0008419,0.127986082
PF02252,GO:0061133,0.127633618
PF04231,GO:0004530,0.126956759
PF15620,GO:0019237,0.126463296
PF05388,GO:0004185,0.126307545
PF02251,GO:0061133,0.12614522
PF16799,GO:0030171,0.125785234
PF05374,GO:0019871,0.124408086
PF02422,GO:0005200,0.123791515
PF12174,GO:0003950,0.123730009
PF06365,GO:0043199,0.123425948
PF15362,GO:0030345,0.123214784
PF02297,GO:0004129,0.122798042
PF13622,GO:0047617,0.122167986
PF14382,GO:0008143,0.122135434
PF03034,GO:0003882,0.121107742
PF08914,GO:0098505,0.12103968
PF01372,GO:0004860,0.120979678
PF08473,GO:0086057,0.120217759
PF09204,GO:0015643,0.119859086
PF15508,GO:0017040,0.119819633
PF14841,GO:0003774,0.119660153
PF04220,GO:0005096,0.119295317
PF06405,GO:0051743,0.119247242
PF02608,GO:0004965,0.119150479
PF09056,GO:0004623,0.118405911
PF08098,GO:0019871,0.117798322
PF07935,GO:0008907,0.117687788
PF09828,GO:0015109,0.117687788
PF01706,GO:0003774,0.11745556
PF04785,GO:0039660,0.117372283
PF04663,GO:0018662,0.116430923
PF14801,GO:0016429,0.116401544
PF12199,GO:0001848,0.115774038
PF03798,GO:0050291,0.11565348
PF08285,GO:0004582,0.115318971
PF13784,GO:0070733,0.115310931
PF02625,GO:0004854,0.114938874
PF13478,GO:0004854,0.114610249
PF03504,GO:0005201,0.114480347
PF13721,GO:0015450,0.113545129
PF12070,GO:0003714,0.113395356
PF04258,GO:0042500,0.113028146
PF07822,GO:0019871,0.112847024
PF16218,GO:0004843,0.112229488
PF04626,GO:0005213,0.112056937
PF09518,GO:0009036,0.112049524
PF05214,GO:0016972,0.111112512
PF06877,GO:0060698,0.110863585
PF10255,GO:0003743,0.110504751
PF03162,GO:0004725,0.109863368
PF03393,GO:0039660,0.109642317
PF03526,GO:0015643,0.108685026
PF08552,GO:0070917,0.108629544
PF02530,GO:0015288,0.108027722
PF12830,GO:0003682,0.107751813
PF16365,GO:0034228,0.107433761
PF11974,GO:0004866,0.107325701
PF06099,GO:0018662,0.10729445
PF06057,GO:0050525,0.106841835
PF13903,GO:0005245,0.105943437
PF17153,GO:0071111,0.105844489
PF10467,GO:0004869,0.105802374
PF09015,GO:0009036,0.105597386
PF04442,GO:0005507,0.105465745
PF02154,GO:0003774,0.105391574
PF06396,GO:0004945,0.104501974
PF10326,GO:0038022,0.10424085
PF04555,GO:0009036,0.104015124
PF15905,GO:0005540,0.1036431
PF01559,GO:0045735,0.102468355
PF01994,GO:0008175,0.102220293
PF04145,GO:0015088,0.102153471
PF11474,GO:0003721,0.101920614
PF12222,GO:0000224,0.101573735
PF16719,GO:0003682,0.101482358
PF07936,GO:0008200,0.101049703
PF14842,GO:0003774,0.100157257
PF01895,GO:0015321,0.100148858
PF13145,GO:0003755,0.099560046
PF02939,GO:0008121,0.09950914
PF03330,GO:0042834,0.098588601
PF09017,GO:0003810,0.098571243
PF05096,GO:0016603,0.098076
PF05927,GO:0008061,0.097788957
PF01196,GO:0003735,0.097609525
PF03325,GO:0030337,0.097570526
PF00269,GO:0003690,0.097179966
PF05181,GO:0003684,0.096978038
PF01483,GO:0004252,0.096963653
PF15037,GO:0030368,0.095978663
PF04624,GO:0005213,0.095414504
PF08345,GO:0003774,0.095079527
PF03857,GO:0015643,0.094708427
PF16725,GO:1990275,0.094690521
PF08689,GO:0001104,0.094413156
PF03424,GO:0008810,0.094159566
PF02970,GO:0048487,0.093937727
PF02208,GO:0050636,0.093040366
PF01361,GO:0016862,0.093027512
PF12765,GO:0003682,0.092977663
PF12019,GO:0008565,0.092893694
PF12061,GO:0043531,0.092878712
PF11711,GO:0015266,0.092158346
PF09424,GO:0016884,0.091872018
PF13672,GO:0004722,0.091839795
PF11968,GO:0016433,0.091203822
PF01783,GO:0003735,0.091020988
PF06389,GO:0039660,0.09090523
PF03194,GO:0003729,0.090858523
PF03534,GO:0003956,0.090671502
PF04234,GO:0005507,0.09062474
PF05453,GO:0008200,0.090108187
PF06668,GO:0004867,0.08988484
PF17155,GO:0052621,0.089663034
PF01345,GO:0005201,0.089598768
PF13155,GO:0003896,0.089390292
PF09553,GO:0009036,0.088849352
PF00430,GO:0046933,0.088638842
PF08027,GO:0045735,0.088379413
PF02303,GO:0003697,0.08794255
PF09023,GO:0004869,0.08779247
PF14780,GO:0031216,0.087719298
PF15234,GO:0045484,0.087719298
PF13530,GO:0008080,0.087411038
PF02428,GO:0004867,0.087171659
PF01632,GO:0003735,0.086972294
PF06800,GO:0015144,0.086851455
PF09568,GO:0009036,0.086568395
PF09604,GO:0008556,0.086338123
PF03157,GO:0045735,0.08631252
PF08368,GO:0033867,0.086175177
PF09189,GO:0004795,0.085989349
PF04850,GO:0016837,0.085888584
PF02501,GO:0008565,0.08564413
PF04627,GO:0046933,0.085365433
PF12555,GO:0004788,0.085130206
PF00468,GO:0003735,0.084810985
PF14696,GO:0003868,0.084640463
PF16523,GO:0005089,0.0845195
PF11612,GO:0008565,0.084439807
PF00517,GO:0005198,0.084309976
PF09217,GO:0009036,0.084115604
PF01674,GO:0004806,0.083999352
PF01523,GO:0008237,0.08395141
PF05768,GO:0097573,0.083217833
PF07963,GO:0008565,0.082679879
PF06743,GO:0033867,0.082428834
PF09211,GO:0009002,0.082146006
PF09519,GO:0009036,0.081840508
PF02994,GO:0003727,0.081796182
PF01514,GO:0003774,0.0817636
PF00542,GO:0003735,0.081740088
PF06151,GO:0033041,0.079697561
PF08465,GO:0004797,0.079414853
PF14667,GO:0047732,0.079345091
PF05896,GO:0016655,0.07893831
PF11973,GO:0016655,0.078794436
PF04855,GO:0015616,0.078574722
PF16320,GO:0003735,0.078439046
PF06298,GO:0030145,0.078304282
PF01147,GO:0005184,0.077946118
PF06387,GO:0032051,0.077909484
PF02216,GO:0019865,0.077764803
PF16387,GO:0008889,0.077457301
PF08373,GO:0033867,0.077260023
PF10542,GO:0008316,0.077213051
PF03503,GO:0005201,0.076665716
PF09236,GO:0030492,0.076427091
PF09572,GO:0009036,0.076080867
PF09085,GO:0098640,0.075161982
PF08439,GO:0004222,0.074755843
PF08660,GO:0004577,0.074726553
PF04831,GO:0030552,0.074684033
PF05115,GO:0045158,0.074612973
PF02516,GO:0004579,0.074482415
PF04099,GO:0017112,0.074096764
PF09521,GO:0009036,0.073861188
PF11597,GO:0001104,0.073708127
PF07757,GO:0016300,0.073414273
PF00509,GO:0046789,0.073367719
PF07091,GO:0008649,0.073329613
PF08334,GO:0008565,0.073002078
PF02327,GO:0042314,0.072911398
PF10250,GO:0046922,0.072327665
PF03974,GO:0004867,0.071782198
PF12090,GO:0003712,0.071171045
PF04303,GO:0050100,0.071126081
PF08140,GO:0042302,0.07089782
PF01286,GO:0003684,0.070658513
PF01824,GO:0003723,0.070643853
PF07332,GO:0071111,0.070331906
PF03542,GO:0005096,0.070303514
PF16715,GO:0016755,0.070205053
PF08357,GO:0030368,0.070192039
PF16492,GO:0005509,0.070028933
PF12041,GO:0000989,0.069749276
PF07461,GO:0061810,0.069616405
PF09564,GO:0009036,0.069211167
PF12546,GO:0009882,0.069067243
PF13897,GO:0000062,0.068505804
PF06369,GO:0015267,0.068220392
PF03096,GO:0047570,0.068049408
PF02974,GO:0008191,0.068040345
PF09666,GO:0047813,0.067947076
PF01114,GO:0008047,0.067856095
PF12588,GO:0004609,0.067639446
PF03012,GO:0003968,0.066875811
PF12539,GO:1990644,0.066752962
PF03576,GO:0004177,0.066661019
PF08597,GO:0003743,0.066583404
PF13824,GO:0045182,0.066017467
PF06299,GO:0033863,0.065985943
PF08623,GO:0017025,0.065898578
PF11397,GO:0033830,0.065870308
PF14478,GO:0031419,0.065700769
PF03641,GO:0016799,0.06543821
PF02740,GO:0008047,0.065407314
PF14292,GO:2001070,0.065402252
PF04362,GO:0005506,0.065094896
PF11864,GO:0005096,0.065063149
PF00950,GO:0042626,0.064927307
PF02464,GO:0019159,0.064473553
PF15503,GO:0004864,0.064299708
PF05438,GO:0008437,0.063846927
PF07264,GO:0015116,0.063825164
PF06617,GO:0004725,0.063736443
PF11312,GO:0070042,0.063574595
PF06442,GO:0004146,0.063097725
PF05254,GO:1990050,0.063058027
PF11407,GO:0009036,0.063044221
PF09757,GO:0032041,0.06303399
PF09570,GO:0009036,0.063013858
PF16206,GO:0005086,0.062985913
PF01383,GO:0004324,0.062887227
PF02238,GO:0004129,0.062785135
PF02937,GO:0004129,0.062785135
PF12826,GO:0003911,0.062727802
PF04549,GO:0070053,0.062684346
PF02043,GO:0042314,0.062609336
PF02529,GO:0045158,0.062475662
PF06652,GO:0004930,0.062062337
PF06360,GO:0000772,0.062026911
PF11779,GO:0004758,0.061800385
PF09517,GO:0009036,0.06176637
PF03528,GO:0005096,0.061729532
PF08882,GO:0018710,0.061702404
PF16189,GO:0070006,0.061600604
PF07523,GO:0033925,0.06154
PF11520,GO:0003690,0.061401278
PF14682,GO:0000155,0.061384002
PF00747,GO:0003697,0.061247355
PF12942,GO:0004497,0.061203022
PF03865,GO:0015288,0.060741568
PF06044,GO:0009036,0.06064962
PF00216,GO:0003677,0.060585486
PF08804,GO:0003697,0.060415133
PF11881,GO:0005096,0.060375821
PF11018,GO:0042302,0.060085102
PF09573,GO:0009036,0.06005266
PF01640,GO:0008234,0.060034715
PF08204,GO:0070053,0.059829869
PF01241,GO:0016168,0.059713901
PF16569,GO:0005518,0.05930183
PF04791,GO:0031419,0.059284679
PF01789,GO:0005509,0.059035996
PF00895,GO:0015078,0.059033881
PF06236,GO:0005507,0.05897095
PF08479,GO:0015288,0.058871439
PF15386,GO:0001635,0.058843894
PF08738,GO:0031490,0.057950051
PF10110,GO:0008889,0.057751318
PF04146,GO:1990247,0.057570951
PF15198,GO:0033904,0.057425761
PF08475,GO:0008061,0.057408328
PF04148,GO:0097020,0.057207804
PF03521,GO:0005251,0.057154497
PF00647,GO:0003746,0.056930438
PF10468,GO:0008191,0.056924538
PF10502,GO:0008236,0.056907572
PF15974,GO:0005509,0.056898428
PF11487,GO:0009036,0.056885992
PF13695,GO:0031849,0.056348398
PF08113,GO:0004129,0.056210433
PF07385,GO:0047828,0.055940416
PF09311,GO:0005096,0.055898996
PF00407,GO:0050474,0.055849413
PF14895,GO:0004864,0.05568518
PF09764,GO:0070773,0.055656263
PF06326,GO:0039660,0.055419463
PF14378,GO:0045140,0.055272235
PF13420,GO:0008080,0.05511729
PF00713,GO:0004867,0.054969833
PF12844,GO:0043565,0.054950749
PF04344,GO:0004721,0.054922558
PF15913,GO:0008201,0.054706258
PF16570,GO:0005518,0.05454975
PF04891,GO:0030151,0.054545087
PF12015,GO:0005089,0.054496833
PF07544,GO:0001128,0.054456632
PF08327,GO:0001671,0.054425005
PF05134,GO:0008565,0.054301912
PF08120,GO:0019870,0.054285329
PF13471,GO:0004066,0.053984184
PF07247,GO:0004026,0.053639547
PF00119,GO:0046933,0.053619453
PF11469,GO:0004525,0.053212364
PF14461,GO:0008641,0.0530547
PF01027,GO:0060698,0.052914921
PF16285,GO:0008108,0.052631579
PF05659,GO:0043531,0.052621644
PF12343,GO:0004004,0.052272931
PF05737,GO:0005518,0.052011146
PF10319,GO:0038022,0.051959905
PF03547,GO:0010329,0.051928076
PF16720,GO:0045735,0.051894599
PF14521,GO:0004222,0.051673955
PF13925,GO:0008568,0.051622568
PF07828,GO:0030246,0.051591067
PF04553,GO:0035925,0.051580588
PF12131,GO:0004197,0.051339673
PF11744,GO:0015140,0.051256327
PF16670,GO:0004435,0.051233749
PF01328,GO:0016691,0.051093672
PF01709,GO:0003677,0.051008617
PF13651,GO:0009007,0.050936022
PF05361,GO:0004865,0.050873382
PF13734,GO:0008234,0.050843546
PF06215,GO:0001681,0.05064476
PF13303,GO:0008982,0.050378587
PF14031,GO:0008721,0.050353978
PF04003,GO:0030515,0.05013332
PF06167,GO:0008237,0.050063738
PF05543,GO:0008234,0.050053174
PF08375,GO:0030234,0.049999281
PF01668,GO:0003723,0.049965027
PF13688,GO:0004222,0.049581692
PF00669,GO:0005198,0.0495047
PF09203,GO:0015288,0.049306616
PF15228,GO:0070513,0.048816991
PF17193,GO:0005509,0.048712095
PF02203,GO:0004888,0.048568478
PF14287,GO:0000150,0.048452995
PF16469,GO:0019841,0.048451296
PF16850,GO:0004867,0.048437901
PF07396,GO:0015288,0.048418347
PF03839,GO:0008565,0.048323003
PF14896,GO:0050409,0.048270929
PF03635,GO:0008565,0.048222338
PF07352,GO:0003690,0.048067938
PF13979,GO:0004842,0.047986311
PF13284,GO:0004647,0.04787829
PF15971,GO:0004169,0.047533227
PF12929,GO:0015275,0.047392111
PF01258,GO:0008270,0.047368246
PF12689,GO:0030946,0.047184455
PF08390,GO:0050291,0.047091939
PF03882,GO:0005509,0.046911473
PF17192,GO:0005509,0.046889787
PF16683,GO:0016755,0.046857764
PF04122,GO:0008745,0.046736924
PF16559,GO:0005096,0.046702664
PF04602,GO:0050409,0.046651616
PF00700,GO:0005198,0.046632519
PF01090,GO:0003735,0.046586875
PF16355,GO:0004565,0.046345857
PF08495,GO:0071111,0.046245383
PF05923,GO:0008013,0.045944628
PF09567,GO:0009036,0.045923245
PF02556,GO:0051082,0.045830545
PF16952,GO:0004356,0.04569096
PF08627,GO:0015238,0.04553514
PF04159,GO:0005216,0.045504251
PF01153,GO:0060422,0.045503607
PF16174,GO:0003730,0.04529254
PF00516,GO:0005198,0.045290729
PF10660,GO:0051537,0.045276982
PF09419,GO:0008962,0.045215835
PF11214,GO:0001135,0.04512584
PF02575,GO:0003677,0.045053364
PF10376,GO:0030374,0.04489929
PF14562,GO:0009036,0.044781527
PF09930,GO:0015099,0.044749121
PF05592,GO:0030596,0.04467835
PF06188,GO:0046961,0.044631707
PF00748,GO:0010859,0.044377325
PF06474,GO:0008933,0.044329792
PF10233,GO:0005262,0.044248818
PF09309,GO:0008420,0.043568459
PF07857,GO:0015144,0.043458434
PF07749,GO:0003756,0.043095121
PF14731,GO:0008234,0.042788961
PF14416,GO:1990538,0.04273318
PF17082,GO:0005200,0.042496781
PF03103,GO:0008010,0.0424445
PF13981,GO:0004842,0.042428794
PF08764,GO:0016504,0.042411735
PF04022,GO:0016504,0.042411735
PF07834,GO:0005096,0.042319182
PF09554,GO:0009036,0.04225661
PF11956,GO:0005249,0.042242271
PF08021,GO:0052851,0.042048941
PF15241,GO:0005200,0.041760564
PF16953,GO:0004526,0.041687809
PF04702,GO:0045735,0.04161295
PF17101,GO:0003976,0.041596692
PF06094,GO:0003839,0.041523647
PF15461,GO:0016702,0.041470101
PF06303,GO:0043565,0.041440451
PF16977,GO:0022829,0.04130173
PF02935,GO:0004129,0.04129879
PF11812,GO:0005315,0.041279111
PF16161,GO:0004848,0.041143135
PF15270,GO:0008191,0.040913853
PF04954,GO:0052851,0.040854204
PF07930,GO:0004177,0.040571722
PF05392,GO:0004129,0.040514699
PF12578,GO:0019208,0.040451616
PF09149,GO:0004198,0.040366062
PF01267,GO:0003779,0.040222631
PF03413,GO:0004222,0.040097668
PF15361,GO:0033130,0.040019621
PF07856,GO:0015279,0.039969923
PF04871,GO:0008565,0.039958539
PF12501,GO:0005315,0.039725721
PF09066,GO:0008565,0.039716232
PF16556,GO:0030368,0.039696668
PF09451,GO:0032266,0.039617166
PF06395,GO:0005089,0.039603638
PF13839,GO:1990538,0.03959863
PF09251,GO:0052775,0.039473684
PF10442,GO:0071111,0.039299801
PF04089,GO:0001540,0.039221296
PF01828,GO:0004190,0.039009963
PF02118,GO:0004888,0.038766864
PF15787,GO:0003831,0.038660795
PF06826,GO:0008324,0.038532544
PF13691,GO:0042781,0.038518996
PF11380,GO:0003976,0.038453555
PF12270,GO:0004129,0.038414725
PF02395,GO:0004252,0.038290905
PF04230,GO:0046919,0.038213458
PF00964,GO:0005496,0.038117085
PF02081,GO:0003723,0.038098707
PF02362,GO:0003677,0.038097931
PF10272,GO:1904264,0.038038265
PF04004,GO:1990269,0.038035586
PF10723,GO:0004008,0.03798357
PF08531,GO:0030596,0.037949066
PF13334,GO:1990714,0.037898739
PF10258,GO:0015643,0.037886495
PF03397,GO:0039660,0.037861045
PF04676,GO:0061632,0.037832821
PF16208,GO:0030280,0.037738737
PF12568,GO:0008080,0.037720201
PF02478,GO:0003968,0.037693457
PF12318,GO:0047843,0.03758307
PF12693,GO:0008565,0.037569857
PF01159,GO:0003735,0.037565842
PF09344,GO:0071667,0.037521582
PF04397,GO:0003677,0.037498284
PF08614,GO:0019776,0.037314652
PF03479,GO:0003680,0.037231112
PF04880,GO:0070012,0.037216146
PF12313,GO:1901149,0.037205877
PF05294,GO:0008191,0.0371635
PF14631,GO:0070182,0.037104398
PF03502,GO:0015471,0.037059166
PF01956,GO:0005262,0.03690991
PF02416,GO:0009977,0.036895135
PF00727,GO:0005125,0.036827958
PF09863,GO:0047590,0.036733229
PF08184,GO:0042302,0.03672964
PF04677,GO:0061632,0.03669698
PF00833,GO:0003735,0.036654348
PF09130,GO:0004616,0.036555061
PF13446,GO:0004843,0.036507128
PF00600,GO:0003723,0.036451368
PF03419,GO:0004190,0.036326085
PF09122,GO:0016784,0.036190987
PF11098,GO:0042314,0.036147517
PF16562,GO:0004842,0.036108077
PF07689,GO:0000155,0.035788649
PF03018,GO:0042349,0.035671784
PF07263,GO:0050840,0.035660217
PF00877,GO:0008234,0.035658046
PF17223,GO:0042302,0.035649776
PF14229,GO:0004824,0.0356252
PF08591,GO:1990846,0.035615691
PF05315,GO:0009036,0.035547693
PF00716,GO:0004252,0.035455592
PF02599,GO:0003723,0.03544659
PF08496,GO:0004252,0.035425414
PF08883,GO:0051213,0.035413502
PF08121,GO:0030550,0.035324003
PF13413,GO:0043565,0.035214165
PF04801,GO:0003899,0.035076817
PF00922,GO:0003968,0.035070498
PF04989,GO:0008168,0.035032577
PF02050,GO:0003774,0.034970876
PF13347,GO:0015293,0.034932806
PF15410,GO:0005543,0.034932806
PF11575,GO:0051537,0.034906422
PF04229,GO:0004140,0.034809324
PF01777,GO:0003735,0.034806488
PF01216,GO:0005509,0.034751205
PF05375,GO:0004867,0.034701419
PF02108,GO:0003774,0.03465818
PF09201,GO:0005047,0.03463321
PF08992,GO:0016638,0.034600843
PF14752,GO:0051183,0.034406339
PF06130,GO:0016747,0.034378021
PF06234,GO:0004497,0.034336636
PF02365,GO:0003677,0.03404233
PF04281,GO:0015266,0.034015059
PF05934,GO:0005254,0.033903918
PF04762,GO:0008607,0.033876392
PF16544,GO:0003727,0.033848444
PF09561,GO:0009036,0.033837043
PF02119,GO:0005198,0.033748674
PF14689,GO:0000155,0.03374004
PF02547,GO:0051075,0.033519892
PF14680,GO:0070182,0.033505533
PF02388,GO:0047206,0.033351905
PF17151,GO:0052621,0.033301532
PF14881,GO:0003924,0.033267443
PF11404,GO:0005249,0.033256453
PF01829,GO:0004190,0.033189871
PF06251,GO:0015159,0.033177936
PF17070,GO:0019843,0.033138164
PF12714,GO:0005201,0.033137424
PF08190,GO:0001164,0.033120866
PF14844,GO:0003831,0.033007645
PF16754,GO:0003796,0.033001635
PF05716,GO:0051018,0.032962648
PF17142,GO:2001070,0.032942974
PF07289,GO:0032266,0.032928857
PF04800,GO:0016651,0.032926269
PF05963,GO:0005537,0.032923329
PF05124,GO:1901359,0.032894737
PF11548,GO:0004725,0.032848564
PF10215,GO:0004579,0.032802269
PF16742,GO:0030368,0.032794622
PF14368,GO:0008289,0.032777122
PF10644,GO:0003924,0.032562992
PF14676,GO:0070182,0.032535868
PF11900,GO:1901149,0.032523193
PF14678,GO:0070182,0.032509828
PF04669,GO:0030775,0.03248751
PF06847,GO:0004190,0.032409781
PF17135,GO:0003735,0.032269277
PF08976,GO:0005509,0.032174412
PF05382,GO:0008745,0.032140637
PF04233,GO:0003956,0.032128183
PF09556,GO:0009036,0.032046201
PF01158,GO:0003735,0.032039326
PF08953,GO:0051015,0.031994396
PF15549,GO:0035064,0.031976087
PF13365,GO:0004252,0.031763675
PF02950,GO:0019871,0.031609187
PF11635,GO:0030375,0.031519877
PF09413,GO:0016151,0.031510526
PF14675,GO:0070182,0.031469805
PF04629,GO:0035591,0.031453384
PF14944,GO:0030338,0.031453384
PF11710,GO:1990576,0.031433604
PF04014,GO:0003677,0.031366668
PF06984,GO:0003735,0.031166457
PF14518,GO:0004392,0.031161901
PF00740,GO:0005198,0.031146489
PF13464,GO:0043565,0.031138994
PF00811,GO:0005509,0.031061456
PF14679,GO:0070182,0.031055682
PF17085,GO:0070524,0.031013455
PF13647,GO:0016977,0.031002524
PF01484,GO:0042329,0.030905958
PF08559,GO:1990919,0.030883859
PF09569,GO:0009036,0.030859153
PF06872,GO:0004197,0.030844123
PF01830,GO:0004197,0.030781378
PF11356,GO:0008565,0.030686386
PF05206,GO:0008175,0.030653278
PF09545,GO:0009036,0.030493881
PF02577,GO:0004518,0.030432358
PF11599,GO:0008989,0.030376852
PF07081,GO:0009044,0.030245161
PF09562,GO:0009036,0.030216665
PF11521,GO:0043565,0.030181885
PF12603,GO:0003968,0.030157471
PF14459,GO:0008641,0.030033431
PF04051,GO:0017112,0.029998058
PF00500,GO:0005198,0.029834426
PF11939,GO:0070678,0.029832385
PF04184,GO:0047598,0.029796764
PF06858,GO:0005525,0.029758194
PF03991,GO:0001540,0.029684331
PF13680,GO:0004527,0.029652582
PF05291,GO:0030515,0.02959754
PF09139,GO:0004605,0.029481341
PF07809,GO:0015109,0.029421947
PF15249,GO:0008131,0.029421947
PF04716,GO:0008137,0.029344012
PF05495,GO:0008270,0.029341068
PF14684,GO:0008236,0.029335819
PF09394,GO:0004869,0.029212312
PF02819,GO:0008200,0.029179787
PF01297,GO:0046872,0.029031203
PF08146,GO:0030515,0.028883247
PF08625,GO:0030515,0.028800489
PF08398,GO:0005198,0.02874584
PF06550,GO:0004190,0.028712318
PF05861,GO:0061693,0.028673698
PF03426,GO:0031176,0.028641782
PF09691,GO:0008565,0.028617783
PF11818,GO:0008236,0.028521564
PF16364,GO:0005518,0.028487678
PF00967,GO:0008061,0.028428648
PF02567,GO:0016853,0.028424743
PF03345,GO:0004579,0.028375763
PF00997,GO:0035375,0.028371357
PF08339,GO:0005509,0.028320816
PF12011,GO:0008026,0.028280619
PF12397,GO:0030515,0.028249789
PF08374,GO:0005509,0.02814383
PF16973,GO:0003774,0.028004964
PF05821,GO:0008137,0.027983661
PF04748,GO:0016810,0.027949808
PF16485,GO:0004222,0.027857497
PF13190,GO:0015413,0.027739278
PF03239,GO:0015639,0.027723821
PF11894,GO:0017056,0.027648207
PF15550,GO:0102084,0.027586443
PF08009,GO:0003882,0.027530345
PF01166,GO:0003700,0.027497285
PF02271,GO:0008121,0.027478539
PF06954,GO:0005179,0.027387856
PF03868,GO:0003735,0.027382589
PF14674,GO:0070182,0.027340878
PF09563,GO:0009036,0.027307567
PF04001,GO:0001133,0.027252756
PF02331,GO:0004869,0.027070763
PF15979,GO:0046559,0.027064778
PF00892,GO:0005457,0.02705367
PF00286,GO:0005198,0.027032341
PF06736,GO:0022841,0.026952484
PF04869,GO:0008565,0.026948404
PF07978,GO:0042165,0.026914877
PF14677,GO:0070182,0.026900942
PF09565,GO:0009036,0.026889588
PF13391,GO:0009036,0.026861221
PF16944,GO:0015079,0.026831097
PF08943,GO:0005506,0.02678186
PF09516,GO:0009036,0.026754487
PF13332,GO:0004530,0.026731514
PF04617,GO:0043565,0.026613796
PF11408,GO:0043140,0.026541741
PF09200,GO:0004869,0.026493002
PF06306,GO:0008781,0.026465978
PF09504,GO:0009036,0.026448364
PF09566,GO:0009036,0.026448364
PF09384,GO:0030515,0.026442634
PF12225,GO:0004489,0.026409185
PF11440,GO:0033820,0.026315789
PF11109,GO:0031854,0.026315789
PF05187,GO:0043783,0.026315789
PF17287,GO:0015288,0.026272039
PF08643,GO:0047936,0.026217657
PF08153,GO:0005525,0.026203674
PF09469,GO:0003785,0.026181772
PF01065,GO:0005198,0.026091333
PF09032,GO:0000293,0.026056514
PF05676,GO:0008137,0.026002897
PF08038,GO:0015266,0.025872874
PF12455,GO:0003774,0.025858713
PF12490,GO:0010698,0.025707378
PF02566,GO:0004601,0.025661632
PF03861,GO:0003723,0.025578507
PF12466,GO:0004352,0.025571071
PF03789,GO:0043565,0.025529552
PF10079,GO:0016874,0.025493892
PF09006,GO:0005537,0.025486886
PF03689,GO:0005198,0.02547329
PF12426,GO:0003968,0.025427639
PF08237,GO:0046555,0.025374645
PF08500,GO:0003968,0.025353921
PF14670,GO:0005509,0.025350967
PF09621,GO:0004803,0.02532238
PF06966,GO:0016627,0.025242511
PF02947,GO:0005125,0.025196325
PF02794,GO:0016746,0.025113281
PF06273,GO:0003743,0.025043152
PF08226,GO:0005509,0.025013759
PF08970,GO:0004860,0.024977842
PF09022,GO:0004869,0.024974339
PF05733,GO:0003723,0.024943123
PF16126,GO:0046559,0.024893569
PF16736,GO:0000155,0.024765651
PF16490,GO:0004420,0.024755812
PF06850,GO:0050526,0.024719758
PF13692,GO:0004377,0.024616167
PF04167,GO:0017091,0.024609365
PF05197,GO:0015269,0.02455919
PF03820,GO:0015137,0.0245396
PF11669,GO:0050699,0.024475006
PF14847,GO:0038073,0.0243892
PF05046,GO:0003735,0.024345567
PF06206,GO:0016829,0.024275238
PF13616,GO:0003755,0.024269761
PF07464,GO:0008289,0.024233694
PF10472,GO:0004722,0.024187279
PF16716,GO:0008191,0.024125141
PF14279,GO:0004519,0.024050102
PF01375,GO:0003956,0.024022919
PF16077,GO:0005121,0.024022919
PF04181,GO:0008420,0.023952446
PF11510,GO:0061630,0.023923445
PF16313,GO:0008237,0.0238177
PF01985,GO:0003723,0.0237918
PF03208,GO:0018112,0.023728148
PF11405,GO:0004867,0.0236227
PF16500,GO:0097472,0.023501579
PF09749,GO:1990838,0.023484953
PF05826,GO:0047498,0.023480078
PF04758,GO:0003735,0.023457851
PF00839,GO:0017134,0.023451502
PF09635,GO:0004825,0.023385927
PF12257,GO:0005096,0.023111803
PF12020,GO:0030338,0.023080474
PF11414,GO:0008013,0.023080474
PF16455,GO:0043130,0.022992212
PF16669,GO:0003682,0.022937305
PF17190,GO:0004003,0.022908182
PF05463,GO:0008201,0.022904955
PF08701,GO:0005525,0.02288443
PF09378,GO:0004386,0.022845617
PF06507,GO:0003677,0.022798694
PF04573,GO:0008233,0.022777496
PF10680,GO:0001168,0.022765914
PF13609,GO:0015288,0.022752253
PF08155,GO:0005525,0.022741527
PF03643,GO:0008565,0.022730929
PF04900,GO:0070181,0.022678265
PF04084,GO:0003688,0.022626646
PF12030,GO:0036459,0.022614733
PF04661,GO:0003697,0.022592074
PF04517,GO:0004857,0.022591091
PF08609,GO:0000774,0.022551117
PF03678,GO:0005198,0.022520945
PF05551,GO:0004519,0.022507799
PF03472,GO:0003677,0.022405268
PF14871,GO:0004565,0.022402716
PF04942,GO:0008061,0.022401903
PF02474,GO:0016746,0.022292158
PF05050,GO:0008168,0.022288624
PF04727,GO:0005096,0.022265292
PF16903,GO:0005198,0.022258321
PF07502,GO:0004867,0.022234514
PF03801,GO:0005200,0.022222579
PF05387,GO:0005213,0.022198225
PF11718,GO:0004521,0.022142425
PF10211,GO:0003774,0.022096426
PF12316,GO:0005109,0.022084579
PF05098,GO:0004484,0.02208372
PF10328,GO:0004930,0.022022453
PF09754,GO:0008127,0.022006369
PF01781,GO:0003735,0.021882965
PF12045,GO:0043565,0.021857913
PF09020,GO:0005096,0.021811538
PF04451,GO:0005198,0.021791564
PF14295,GO:0030246,0.021731757
PF00963,GO:0030248,0.02172908
PF03091,GO:0005507,0.021720261
PF01886,GO:0004339,0.021704897
PF14659,GO:0003677,0.021698558
PF01947,GO:0008813,0.021643347
PF08590,GO:0046404,0.021623773
PF12746,GO:0008080,0.021587686
PF17055,GO:0039660,0.021522653
PF10943,GO:0039660,0.021522653
PF09287,GO:0044212,0.021438853
PF08562,GO:0005246,0.021431402
PF14948,GO:0004725,0.021428308
PF16788,GO:0003714,0.021340034
PF03210,GO:0003968,0.021327326
PF04826,GO:0001540,0.021270801
PF01271,GO:0042056,0.0212651
PF08467,GO:0003968,0.021252044
PF16525,GO:0020037,0.021217178
PF15955,GO:0042302,0.021205867
PF01343,GO:0004252,0.021164967
PF14498,GO:0047513,0.021152222
PF16750,GO:0000155,0.021129349
PF03246,GO:0003723,0.021013121
PF14785,GO:0015423,0.020948506
PF04896,GO:0015049,0.020936152
PF12362,GO:0003887,0.020925364
PF05835,GO:0005326,0.020896233
PF05916,GO:0043138,0.020871193
PF00660,GO:0005199,0.020753739
PF13484,GO:0051539,0.020751259
PF07334,GO:0003712,0.020693495
PF07167,GO:0016746,0.02064697
PF05925,GO:0016791,0.02064335
PF04509,GO:0003774,0.020617007
PF02175,GO:0004888,0.020614729
PF12554,GO:0043015,0.020610155
PF00741,GO:0005198,0.020599081
PF04765,GO:0071633,0.020579108
PF03367,GO:0008270,0.020572907
PF07915,GO:0030246,0.020563966
PF16474,GO:0003779,0.020557834
PF13646,GO:0019888,0.020551737
PF07225,GO:0008137,0.020550063
PF15096,GO:0008201,0.020486814
PF11882,GO:0008879,0.020486814
PF07923,GO:0008879,0.020486814
PF03444,GO:0003677,0.0204672
PF06374,GO:0008137,0.020410381
PF08040,GO:0003954,0.020379848
PF04502,GO:0000384,0.020379824
PF03250,GO:0005523,0.020277964
PF04647,GO:0008233,0.020242
PF02066,GO:0005507,0.020210585
PF09719,GO:0051537,0.020158417
PF07162,GO:0008158,0.020143749
PF13613,GO:0004803,0.020127219
PF01765,GO:0043023,0.02011043
PF05227,GO:0000155,0.020104485
PF05493,GO:0046961,0.020091664
PF04301,GO:0010340,0.020084503
PF08438,GO:0005525,0.0200802
PF07292,GO:0003712,0.020072196
PF08228,GO:0000171,0.020042363
PF07456,GO:0036422,0.020000634
PF03790,GO:0043565,0.019950594
PF11429,GO:0004540,0.019920343
PF17149,GO:0000155,0.019907661
PF03791,GO:0043565,0.019884631
PF03869,GO:0003677,0.019878326
PF12928,GO:0000213,0.019876012
PF14453,GO:0008641,0.019852799
PF01455,GO:1902670,0.019769617
PF13367,GO:0008233,0.01973029
PF04718,GO:0015078,0.019652551
PF13459,GO:0051538,0.019587445
PF04457,GO:0004652,0.019584185
PF02537,GO:1903425,0.019583525
PF07718,GO:0005198,0.019445833
PF00482,GO:0008565,0.019363672
PF02313,GO:0008177,0.019353287
PF05230,GO:0052621,0.01927301
PF02993,GO:0015542,0.019244011
PF17454,GO:0005516,0.019244011
PF14806,GO:0005198,0.01915456
PF16767,GO:0000155,0.019124155
PF06841,GO:0005198,0.019092074
PF13982,GO:0004568,0.01909148
PF09259,GO:0030246,0.01907065
PF09124,GO:0004519,0.019067303
PF13355,GO:0016990,0.018991785
PF13619,GO:0004824,0.018974316
PF08203,GO:0001054,0.018891464
PF13392,GO:0004519,0.018888056
PF04453,GO:0015221,0.018864759
PF13741,GO:0003735,0.018809277
PF02481,GO:0003885,0.018796992
PF02562,GO:0005524,0.0187874
PF03123,GO:0003723,0.01874723
PF01133,GO:0008327,0.018724584
PF05425,GO:0005507,0.018715501
PF04968,GO:0043531,0.018686693
PF09632,GO:0004674,0.01867783
PF09430,GO:0030246,0.018675782
PF10040,GO:0004519,0.01867064
PF10712,GO:0004352,0.018633158
PF14558,GO:0015230,0.018630093
PF12718,GO:0003786,0.018608073
PF09938,GO:0050782,0.018608073
PF11634,GO:0032067,0.018608073
PF09253,GO:0019864,0.018608073
PF03956,GO:0015661,0.018608073
PF10487,GO:0017056,0.018592491
PF07926,GO:0005487,0.018583929
PF08361,GO:0003677,0.018534881
PF02429,GO:0016168,0.018515725
PF06594,GO:0005509,0.018508921
PF04941,GO:0003899,0.018480945
PF14294,GO:0004803,0.018459646
PF07347,GO:0008137,0.018426389
PF03290,GO:0008234,0.018419523
PF13686,GO:0050451,0.018391506
PF11468,GO:0004659,0.018375586
PF07059,GO:0008289,0.018369924
PF08584,GO:0004526,0.018357911
PF16036,GO:0045430,0.018347619
PF03795,GO:0004072,0.018283914
PF13353,GO:0051539,0.018274193
PF04326,GO:0005524,0.018251924
PF02636,GO:0035243,0.01822932
PF05460,GO:0003688,0.018229021
PF03893,GO:0004806,0.018206947
PF16794,GO:0003714,0.018173159
PF02945,GO:0004519,0.018172814
PF03981,GO:0042799,0.01815962
PF05517,GO:0003847,0.01815962
PF12262,GO:0004806,0.018155532
PF00721,GO:0005198,0.018127283
PF15161,GO:0017188,0.018052483
PF03418,GO:0004222,0.018037234
PF03661,GO:0017056,0.017990587
PF16591,GO:0004871,0.017989722
PF16335,GO:0004359,0.017966636
PF08760,GO:0004359,0.017961649
PF14214,GO:0003678,0.017935347
PF03100,GO:0046872,0.01792894
PF09791,GO:0004128,0.017919693
PF04802,GO:0019888,0.017909235
PF16168,GO:0015105,0.017864322
PF08174,GO:0005095,0.017841986
PF04097,GO:0017056,0.017839877
PF04454,GO:0008233,0.01779902
PF10551,GO:0008270,0.017770326
PF16200,GO:1901612,0.017762216
PF05445,GO:0004674,0.017745325
PF13304,GO:0005524,0.01773024
PF09425,GO:0003714,0.017725134
PF01917,GO:0005198,0.017682666
PF14457,GO:0008641,0.017665558
PF14403,GO:0004357,0.017665176
PF04476,GO:0016829,0.017646224
PF15454,GO:0005085,0.017645487
PF09341,GO:0031490,0.017638017
PF08586,GO:0015616,0.017622356
PF12657,GO:0004402,0.017618267
PF12333,GO:0003682,0.017593292
PF07980,GO:2001070,0.017563531
PF09243,GO:0008168,0.017551789
PF05899,GO:0071522,0.017523994
PF05933,GO:0015078,0.017520786
PF02831,GO:0050418,0.017505003
PF06525,GO:0005507,0.017503524
PF17095,GO:0051011,0.017475676
PF16859,GO:0003677,0.017467523
PF16088,GO:0045127,0.017428057
PF09402,GO:0031490,0.017379184
PF14849,GO:0032977,0.017377683
PF03023,GO:0004496,0.017352118
PF02273,GO:0016746,0.017324537
PF04664,GO:0004872,0.017320472
PF03141,GO:0008757,0.017317345
PF09123,GO:0046982,0.017307028
PF09005,GO:0035925,0.017285094
PF05576,GO:0004177,0.017274381
PF12165,GO:0008270,0.017265151
PF12690,GO:0004867,0.017227943
PF12641,GO:0010181,0.01722557
PF07891,GO:0003735,0.017217188
PF09065,GO:0004867,0.017174113
PF03634,GO:0003677,0.017171802
PF01600,GO:0046789,0.017133454
PF04112,GO:0004596,0.017109555
PF11409,GO:0005545,0.017070468
PF13305,GO:0003677,0.016999886
PF14827,GO:0000155,0.016984941
PF05253,GO:0008175,0.016978835
PF06218,GO:0005096,0.016976136
PF05680,GO:0015078,0.016941541
PF07827,GO:0008871,0.01691643
PF06703,GO:0008233,0.0168851
PF06214,GO:0001618,0.016881587
PF06627,GO:0043565,0.016834128
PF16705,GO:0005546,0.016792076
PF09531,GO:0017056,0.01676433
PF10320,GO:0004930,0.01674703
PF03451,GO:0008017,0.016713725
PF01935,GO:0004386,0.016686579
PF10254,GO:0044325,0.016620397
PF04735,GO:0003678,0.016606371
PF06011,GO:0015230,0.016566265
PF08062,GO:0009383,0.016564355
PF06819,GO:0004190,0.016534697
PF02630,GO:0005507,0.016507541
PF05002,GO:0000293,0.016479587
PF10145,GO:0008933,0.01645669
PF12177,GO:0004252,0.016412758
PF13593,GO:0015293,0.016353769
PF08579,GO:0004526,0.016349637
PF03571,GO:0008237,0.016340369
PF07393,GO:0051864,0.01632036
PF13556,GO:0003677,0.016309515
PF02461,GO:0015049,0.016279155
PF16300,GO:0051015,0.016265711
PF11080,GO:0004521,0.016251465
PF14685,GO:0008236,0.016250439
PF11868,GO:0016597,0.016233931
PF04589,GO:0000978,0.016216954
PF12263,GO:0015088,0.016199809
PF15342,GO:0030291,0.016179959
PF01430,GO:0051082,0.016177875
PF06619,GO:0051082,0.016177875
PF07034,GO:0003688,0.016136163
PF13340,GO:0004803,0.016127606
PF16972,GO:0017080,0.016125325
PF13039,GO:0071949,0.016074927
PF13037,GO:0071949,0.016074927
PF09367,GO:0016829,0.016066084
PF07196,GO:0005198,0.016058794
PF10766,GO:0015238,0.016039018
PF01337,GO:0003917,0.016015279
PF06645,GO:0008233,0.015977335
PF17148,GO:0008237,0.015966488
PF07213,GO:0043548,0.015914941
PF15220,GO:0004402,0.01589795
PF16220,GO:0016987,0.015873093
PF07421,GO:0005184,0.015865424
PF15350,GO:0043539,0.01585753
PF14959,GO:0001540,0.015842199
PF08755,GO:0003677,0.015829235
PF06722,GO:0016758,0.015820137
PF09353,GO:0004017,0.015809678
PF14289,GO:0016209,0.015782844
PF10023,GO:0004177,0.015755433
PF00865,GO:0050840,0.015753304
PF15337,GO:0003700,0.015750462
PF07695,GO:0000155,0.015684448
PF03101,GO:0008270,0.01568355
PF13796,GO:0000155,0.015675501
PF05638,GO:0008565,0.015640043
PF06457,GO:0005216,0.01563723
PF11870,GO:0051539,0.015625919
PF16984,GO:0005363,0.015603344
PF01736,GO:0005216,0.015599079
PF04772,GO:0005216,0.015599079
PF05864,GO:0003899,0.015595464
PF08881,GO:0030246,0.015593868
PF05908,GO:0003839,0.015577034
PF06373,GO:0005184,0.015568409
PF17210,GO:0045131,0.015560853
PF06420,GO:0003697,0.015535912
PF06049,GO:0005507,0.015510422
PF08816,GO:0060241,0.015506728
PF16019,GO:0001228,0.015485582
PF02305,GO:0005198,0.015437139
PF05876,GO:0009036,0.01541498
PF05087,GO:0003723,0.015413896
PF05587,GO:0004872,0.015403205
PF00419,GO:0005537,0.015380802
PF09210,GO:0003844,0.015299385
PF08723,GO:0039660,0.015218814
PF07696,GO:0000155,0.015215971
PF03906,GO:0016996,0.015193428
PF15734,GO:0050100,0.015193428
PF08946,GO:0015653,0.015193428
PF11618,GO:0031870,0.015193428
PF03766,GO:0048032,0.015193428
PF04550,GO:0034291,0.015193428
PF16344,GO:0016987,0.015140697
PF05609,GO:0001671,0.015118893
PF04426,GO:0034450,0.015118392
PF15804,GO:0008784,0.015118026
PF12392,GO:0008233,0.015114756
PF10447,GO:0003723,0.015045498
PF00945,GO:0003723,0.01501721
PF13726,GO:0015293,0.015014756
PF12448,GO:0050811,0.015012439
PF08132,GO:0004014,0.015002452
PF00952,GO:0003723,0.014995812
PF09429,GO:0019888,0.014968417
PF07463,GO:0004519,0.014954698
PF12029,GO:0004386,0.014932275
PF14051,GO:0008270,0.01487935
PF04425,GO:0034450,0.014876213
PF13967,GO:0005227,0.014863921
PF05730,GO:0005199,0.014862744
PF07302,GO:0015171,0.014850859
PF07972,GO:0010181,0.014846791
PF04255,GO:0003677,0.01480877
PF03498,GO:0030246,0.014795509
PF09794,GO:0017112,0.014793542
PF00937,GO:0003723,0.014754683
PF16392,GO:0003887,0.014748678
PF05729,GO:0043027,0.014731391
PF14703,GO:0005227,0.014724355
PF00932,GO:0005198,0.014713434
PF09731,GO:1901612,0.014690469
PF10480,GO:0005092,0.014653497
PF10256,GO:0016409,0.014589228
PF07967,GO:0008270,0.014566569
PF05695,GO:0005524,0.014542538
PF17123,GO:0008270,0.014528666
PF10380,GO:0003712,0.014515575
PF12031,GO:0031491,0.014512166
PF02698,GO:0004555,0.014508364
PF11389,GO:0015288,0.014497141
PF05476,GO:0003743,0.014475613
PF01778,GO:0003735,0.014447645
PF05136,GO:0005198,0.014439259
PF03855,GO:0000772,0.014413752
PF07147,GO:0003735,0.014390039
PF00960,GO:0003677,0.01438698
PF14773,GO:0008026,0.014374857
PF09799,GO:0004060,0.01435644
PF10189,GO:0042813,0.01435644
PF08672,GO:0031625,0.014349979
PF02361,GO:0005215,0.014334855
PF00894,GO:0005198,0.01432702
PF02714,GO:0005227,0.014326902
PF12951,GO:0004252,0.014318121
PF04413,GO:0016740,0.014313827
PF08806,GO:0008430,0.014299251
PF00114,GO:0008565,0.014246142
PF15444,GO:0004792,0.014229949
PF05720,GO:0045127,0.014229949
PF08551,GO:0004252,0.014195229
PF10014,GO:0031418,0.014167945
PF03357,GO:0031210,0.014163895
PF13004,GO:0033946,0.014161321
PF02840,GO:0000386,0.01415914
PF13675,GO:0000155,0.01415377
PF04695,GO:0003714,0.014102195
PF06449,GO:0016820,0.014096688
PF09041,GO:0061676,0.014066381
PF10425,GO:0045131,0.014046329
PF14665,GO:0043022,0.014031408
PF11730,GO:0004601,0.014022395
PF15138,GO:0008694,0.013986684
PF14268,GO:0008080,0.013981559
PF15019,GO:0017112,0.013979205
PF16451,GO:0046789,0.013972629
PF08428,GO:0004096,0.013966971
PF08829,GO:0004096,0.013966971
PF10033,GO:0019887,0.013965115
PF11289,GO:0005216,0.01395224
PF11382,GO:0015288,0.013927793
PF05538,GO:0015288,0.013927793
PF04000,GO:0003714,0.013899363
PF12408,GO:0008697,0.013865196
PF16904,GO:0004642,0.013858751
PF10759,GO:0070628,0.013840803
PF03022,GO:0004167,0.013822759
PF03293,GO:0003899,0.013778293
PF06752,GO:0004402,0.013756213
PF15214,GO:0003713,0.013755484
PF14486,GO:0030246,0.01375282
PF09018,GO:0005198,0.013723659
PF14853,GO:0001106,0.013718054
PF14852,GO:0001106,0.013718054
PF01498,GO:0003677,0.013702955
PF08776,GO:0005522,0.013696044
PF13329,GO:0032266,0.013680459
PF01989,GO:0016772,0.013659326
PF10890,GO:0008121,0.013656381
PF10244,GO:0003735,0.013656091
PF08476,GO:0016791,0.013648016
PF00898,GO:0005198,0.013623208
PF07938,GO:0042806,0.013612518
PF09468,GO:0004523,0.013611442
PF15751,GO:0070530,0.013608983
PF06505,GO:0043565,0.013605516
PF13312,GO:0008080,0.013594094
PF07540,GO:0003682,0.013562421
PF04307,GO:0000150,0.013535382
PF15287,GO:0004869,0.013535382
PF09949,GO:0008195,0.013534119
PF05273,GO:0003899,0.013519732
PF11477,GO:0016757,0.013516641
PF10046,GO:0045127,0.013499715
PF04283,GO:0050568,0.013481987
PF03944,GO:0005102,0.013473867
PF13156,GO:0008170,0.013464329
PF00555,GO:0005102,0.013461126
PF14501,GO:0000155,0.013439919
PF16448,GO:0000155,0.013396388
PF00901,GO:0005198,0.0133668
PF03536,GO:0016829,0.013354314
PF06048,GO:0003896,0.013325681
PF13195,GO:0004386,0.01331368
PF03852,GO:0043765,0.013306197
PF02476,GO:0030957,0.013297136
PF03969,GO:0005524,0.013277415
PF05131,GO:0030674,0.013269852
PF13643,GO:0009035,0.01326142
PF02014,GO:0004867,0.013256678
PF17296,GO:0003968,0.013196441
PF15053,GO:0016496,0.013157895
PF05482,GO:0030848,0.013157895
PF15172,GO:0031861,0.013157895
PF15152,GO:0031773,0.013157895
PF03763,GO:0048032,0.013157895
PF04736,GO:0008031,0.013157895
PF01927,GO:0044748,0.013157895
PF07366,GO:0016872,0.013136941
PF06003,GO:0003723,0.013129701
PF11774,GO:0009007,0.013092595
PF13879,GO:0035438,0.013076421
PF11465,GO:0004872,0.013069071
PF04536,GO:0003993,0.013053542
PF14877,GO:0043022,0.013032644
PF16322,GO:0035091,0.013024408
PF09222,GO:0030246,0.013022938
PF06045,GO:0030246,0.012985865
PF00738,GO:0005198,0.012978407
PF11992,GO:0003810,0.012962669
PF01665,GO:0003723,0.012947609
PF08325,GO:0061665,0.012939547
PF12230,GO:0003723,0.012923937
PF16732,GO:0008565,0.012920872
PF11602,GO:0005524,0.012904825
PF12591,GO:0008174,0.012869241
PF01686,GO:0005198,0.012855987
PF05299,GO:0004177,0.012852785
PF13553,GO:0008656,0.012841295
PF04728,GO:0033920,0.01284079
PF07259,GO:0004867,0.012819409
PF05586,GO:0004872,0.012774042
PF08341,GO:0003951,0.012765033
PF11056,GO:0003677,0.012744966
PF03694,GO:0030674,0.012731889
PF00971,GO:0005198,0.012721926
PF09182,GO:0003677,0.012678838
PF12251,GO:0003681,0.012676344
PF02044,GO:0031710,0.012641696
PF03945,GO:0005102,0.012627656
PF06428,GO:0017112,0.012620765
PF16053,GO:0003735,0.012605324
PF11878,GO:0005089,0.012574123
PF06046,GO:0000149,0.012569004
PF03002,GO:0005179,0.012556326
PF12595,GO:0004252,0.012546877
PF07449,GO:0032266,0.012531328
PF09160,GO:0005537,0.012530637
PF02300,GO:0008177,0.012530388
PF17162,GO:0008237,0.01249148
PF05278,GO:0003682,0.012489877
PF07237,GO:0015926,0.012488921
PF04290,GO:0098519,0.012488921
PF01659,GO:0004197,0.012476438
PF04010,GO:0004164,0.012469719
PF12018,GO:0050145,0.012432297
PF13801,GO:0008270,0.012429682
PF06047,GO:0031490,0.012414624
PF08243,GO:0001042,0.012405382
PF03398,GO:0090541,0.012405382
PF12214,GO:0061676,0.012405382
PF01697,GO:0016757,0.012404498
PF14389,GO:0005096,0.012382395
PF08167,GO:0003682,0.012321022
PF06524,GO:0008270,0.012273583
PF07284,GO:0016836,0.012273067
PF07928,GO:0019905,0.012271282
PF05320,GO:0003899,0.012270477
PF04480,GO:0004519,0.012251739
PF06519,GO:0005215,0.012233614
PF01638,GO:0003677,0.012196192
PF15870,GO:0004527,0.012191777
PF15836,GO:0051087,0.012183835
PF08252,GO:0045182,0.012157841
PF12632,GO:0030337,0.012147621
PF08208,GO:0001054,0.012137991
PF17414,GO:0043565,0.012135341
PF03627,GO:0030246,0.012122354
PF13843,GO:0005044,0.012097582
PF02942,GO:0003723,0.012079837
PF02720,GO:0004519,0.012072113
PF17158,GO:0052621,0.012070142
PF05978,GO:0035325,0.012045105
PF15367,GO:0005509,0.012029553
PF08600,GO:0008270,0.012019174
PF15159,GO:0008484,0.01201146
PF08320,GO:0000030,0.012004112
PF08814,GO:0004518,0.011973076
PF09510,GO:0015616,0.011938279
PF12190,GO:0004867,0.011930949
PF09390,GO:0008080,0.011920033
PF01517,GO:0003723,0.011909601
PF11463,GO:0004519,0.01187474
PF12639,GO:0004519,0.011858567
PF06277,GO:0047883,0.011852036
PF09798,GO:0003684,0.011841035
PF04118,GO:0102867,0.011840033
PF14544,GO:0004812,0.011832723
PF12656,GO:0001671,0.011831409
PF14159,GO:0004832,0.011830987
PF13995,GO:0015643,0.011828068
PF00823,GO:0008827,0.011828068
PF12610,GO:0004860,0.011813886
PF03856,GO:0016798,0.01181295
PF11886,GO:0005525,0.011776512
PF15281,GO:0071253,0.011768779
PF12974,GO:0042917,0.011768779
PF10341,GO:0033680,0.011768779
PF02070,GO:0042922,0.011768779
PF05848,GO:0003677,0.011721423
PF05510,GO:0005509,0.011718408
PF07311,GO:0000166,0.011689773
PF07559,GO:0004742,0.011687252
PF03628,GO:0030246,0.011680675
PF16341,GO:0042972,0.011666179
PF03135,GO:0005524,0.011652706
PF08924,GO:0003796,0.011644982
PF04773,GO:0016987,0.011638529
PF09507,GO:0003887,0.011634592
PF15629,GO:0051539,0.011631143
PF03935,GO:0015926,0.011605606
PF09333,GO:0032266,0.011600256
PF00924,GO:0015275,0.01158945
PF14379,GO:0003677,0.011574833
PF15516,GO:0008170,0.011549573
PF10108,GO:0004527,0.011544887
PF00402,GO:0070594,0.011519792
PF01700,GO:0005198,0.011519146
PF04781,GO:0036459,0.011490656
PF08359,GO:0003677,0.011481863
PF05352,GO:0003723,0.011473031
PF08592,GO:0004497,0.011467309
PF07739,GO:0003677,0.011461043
PF12561,GO:0004222,0.011458285
PF12364,GO:0008174,0.011458108
PF07219,GO:0004729,0.011415331
PF17112,GO:0015266,0.011414906
PF07486,GO:0016787,0.011409313
PF05919,GO:0003968,0.011402596
PF17201,GO:0004871,0.011402556
PF04405,GO:0046872,0.011400261
PF07683,GO:0005525,0.011392568
PF16419,GO:0001671,0.011385643
PF16536,GO:0004081,0.011339578
PF07423,GO:0000179,0.011324513
PF10337,GO:0015140,0.011322482
PF11368,GO:0003834,0.011319521
PF05796,GO:0003746,0.011316883
PF11430,GO:0051400,0.011307077
PF12890,GO:0004151,0.011280524
PF09408,GO:0046789,0.011278311
PF16927,GO:0000155,0.011263283
PF03959,GO:0052689,0.011247764
PF12250,GO:0016757,0.011240482
PF16733,GO:0004252,0.011233458
PF05626,GO:0004536,0.011233335
PF08536,GO:0003677,0.011230793
PF15799,GO:0005509,0.011220753
PF08312,GO:0004584,0.011200744
PF06821,GO:0016787,0.011177103
PF05499,GO:0003714,0.011171515
PF06808,GO:0098519,0.011170431
PF12102,GO:0015666,0.011129524
PF12249,GO:0016757,0.011119062
PF17200,GO:0000155,0.011070658
PF13682,GO:0004871,0.01104749
PF00260,GO:0003677,0.011030414
PF03294,GO:0003700,0.011028657
PF05162,GO:0003735,0.01102638
PF12872,GO:0033925,0.011022471
PF00880,GO:0008270,0.011007305
PF16542,GO:0004081,0.011003917
PF05903,GO:0008233,0.010994218
PF06089,GO:0004067,0.010992315
PF13764,GO:0008270,0.010990619
PF08535,GO:0003677,0.010967009
PF10642,GO:0015266,0.010965366
PF08884,GO:0005198,0.010961384
PF13683,GO:0003676,0.010947299
PF13999,GO:0030151,0.010927037
PF04586,GO:0008233,0.010926781
PF12377,GO:0004872,0.010911668
PF16182,GO:0008270,0.010875109
PF05158,GO:0001056,0.010873812
PF03122,GO:0005198,0.01087098
PF10484,GO:0003735,0.010862586
PF12255,GO:0003956,0.010862521
PF11357,GO:0019901,0.010850267
PF01103,GO:0015450,0.010846478
PF08107,GO:0008289,0.010845179
PF13941,GO:0050097,0.010843311
PF08362,GO:0003677,0.010808521
PF06416,GO:0004842,0.010794975
PF05472,GO:0003677,0.010790943
PF02218,GO:0070064,0.010780414
PF03607,GO:0004674,0.010757042
PF16295,GO:0003677,0.010749804
PF13115,GO:0005507,0.010749346
PF03040,GO:0015078,0.010747174
PF15209,GO:0005147,0.010743376
PF13542,GO:0030985,0.010743376
PF14690,GO:0030985,0.010743376
PF00414,GO:0005519,0.010743376
PF05980,GO:0019871,0.010743376
PF09594,GO:0047264,0.010743376
PF04976,GO:0009389,0.010743376
PF02053,GO:0008270,0.010726647
PF16324,GO:0033997,0.010718593
PF06482,GO:0005198,0.010712043
PF02957,GO:0004725,0.010703314
PF08886,GO:0004357,0.010696799
PF04830,GO:0004530,0.010667786
PF04706,GO:0039706,0.01066461
PF14727,GO:0008982,0.010637527
PF14728,GO:0008982,0.010637527
PF06983,GO:0008168,0.0106278
PF07744,GO:0008270,0.010627716
PF17105,GO:0070577,0.01061262
PF10262,GO:0016209,0.010612049
PF03568,GO:0004197,0.01057729
PF09907,GO:0016788,0.010573989
PF13313,GO:0030151,0.010569087
PF01454,GO:0003713,0.010563016
PF01914,GO:0004421,0.010560163
PF16752,GO:0015631,0.010560163
PF05874,GO:0016084,0.010549786
PF08756,GO:0051536,0.010544851
PF16797,GO:0004674,0.010542544
PF05830,GO:0046922,0.010521335
PF15750,GO:0070530,0.010511007
PF00429,GO:0005198,0.010500391
PF02334,GO:0003677,0.010497273
PF01597,GO:0031405,0.010493216
PF02586,GO:0008233,0.010478951
PF16116,GO:0004565,0.010478937
PF05062,GO:0033925,0.010467434
PF13943,GO:0005096,0.010410365
PF02589,GO:0051539,0.010408553
PF11945,GO:0043014,0.010388711
PF10453,GO:0030515,0.010378657
PF03831,GO:0047400,0.010370481
PF11981,GO:0005525,0.010326302
PF09808,GO:0003681,0.010317371
PF15328,GO:0003899,0.010316573
PF11862,GO:0015658,0.010290938
PF05269,GO:0003677,0.010270629
PF15815,GO:0008270,0.010264183
PF07304,GO:0030374,0.010250061
PF03280,GO:0051082,0.010231787
PF04232,GO:0000977,0.010227922
PF12457,GO:0003677,0.010211739
PF16922,GO:0043138,0.010207055
PF06176,GO:0016987,0.010166676
PF04136,GO:0008565,0.010163555
PF08358,GO:0005198,0.010149531
PF02326,GO:0016820,0.010137677
PF09448,GO:0016853,0.010133837
PF12361,GO:0004872,0.010130309
PF07239,GO:0004190,0.010122405
PF02977,GO:0004866,0.010113625
PF09415,GO:0003690,0.010071455
PF17154,GO:0004871,0.010070174
PF09002,GO:0004518,0.010067095
PF11907,GO:0004386,0.010053771
PF08632,GO:0004864,0.010044303
PF01516,GO:0005198,0.010026878
PF15890,GO:0008237,0.010020614
PF13385,GO:0004866,0.010010998
PF12194,GO:0005546,0.009986077
PF09989,GO:0018522,0.009973097
PF02200,GO:0003700,0.009969271
PF14134,GO:0050262,0.009968874
PF04744,GO:0015049,0.009954658
PF10791,GO:0046933,0.009948509
PF09728,GO:0030372,0.009946434
PF13912,GO:0000977,0.009946434
PF16917,GO:0004077,0.009941894
PF10545,GO:0003677,0.009897624
PF01664,GO:0003796,0.009890079
PF15391,GO:0004896,0.009890079
PF04515,GO:0015220,0.009889916
PF07944,GO:0016798,0.009881326
PF07069,GO:0005216,0.009865724
PF12152,GO:0003743,0.009838645
PF13809,GO:0003924,0.00982388
PF12183,GO:0004519,0.009805007
PF16833,GO:0000987,0.009796128
PF00836,GO:0015631,0.009775029
PF11523,GO:0003899,0.009755104
PF04538,GO:0000400,0.009733246
PF04273,GO:0016787,0.009711584
PF12429,GO:0004308,0.009699524
PF04335,GO:0004499,0.009693546
PF06031,GO:0003713,0.009687758
PF07022,GO:0003677,0.009674245
PF08765,GO:0003677,0.009668928
PF03374,GO:0003677,0.009662885
PF09405,GO:0003723,0.009650611
PF16770,GO:0070975,0.009609168
PF11814,GO:0008080,0.009601059
PF16014,GO:0003713,0.009598012
PF00904,GO:0030674,0.009590897
PF06573,GO:0008270,0.009549318
PF04238,GO:0004129,0.009544813
PF07593,GO:0005509,0.009543835
PF11515,GO:0004842,0.009534477
PF02042,GO:0003677,0.009526062
PF11946,GO:0051536,0.009521825
PF13939,GO:0005253,0.009521168
PF10228,GO:0072572,0.009502763
PF10620,GO:0050519,0.009495893
PF09857,GO:0004015,0.009495893
PF08817,GO:0005363,0.009495893
PF06309,GO:0005524,0.00947868
PF11495,GO:0003677,0.009477253
PF12022,GO:0008565,0.009471265
PF06607,GO:0001664,0.009459642
PF04733,GO:1990841,0.009436015
PF02282,GO:0003677,0.009425835
PF16237,GO:0015423,0.009415023
PF14050,GO:0051082,0.009406318
PF09263,GO:0042623,0.00940328
PF02346,GO:0030552,0.009398496
PF11645,GO:0004519,0.00937559
PF05317,GO:0004190,0.009374612
PF01802,GO:0005198,0.009366136
PF07636,GO:0003943,0.009356818
PF10536,GO:0008483,0.009354879
PF16056,GO:0005089,0.009346526
PF15674,GO:0018024,0.009333249
PF05261,GO:0003677,0.00933048
PF04780,GO:0036459,0.009330004
PF05871,GO:0042803,0.009326888
PF14613,GO:0008289,0.009320862
PF04911,GO:0015078,0.009315149
PF03657,GO:0003723,0.009310783
PF15344,GO:0001632,0.009304037
PF05177,GO:0090736,0.009304037
PF11426,GO:0004803,0.009304037
PF16834,GO:1990644,0.009304037
PF10179,GO:0008201,0.009284222
PF13679,GO:0000179,0.009283758
PF16832,GO:0000987,0.00927934
PF07408,GO:0015424,0.009269341
PF03837,GO:0003677,0.009261369
PF06490,GO:0043565,0.009255536
PF13102,GO:0003677,0.009253305
PF13505,GO:0015288,0.009247002
PF06737,GO:0016798,0.009237522
PF07526,GO:0003677,0.009237347
PF03832,GO:0008179,0.009235032
PF12692,GO:0051539,0.009209859
PF12563,GO:0030246,0.009208608
PF14104,GO:0004803,0.009208181
PF05523,GO:0016853,0.009205133
PF08378,GO:0004003,0.009198283
PF16458,GO:0030246,0.009186484
PF07367,GO:0030246,0.009143576
PF08910,GO:0035091,0.009133746
PF06522,GO:0004129,0.009116709
PF07835,GO:0004129,0.009067558
PF11127,GO:0004792,0.009067271
PF03531,GO:0031492,0.009060645
PF14552,GO:0050163,0.009046218
PF03335,GO:0005198,0.009043877
PF03990,GO:0004553,0.009033996
PF16993,GO:0047265,0.009027607
PF06886,GO:0061676,0.009026241
PF16509,GO:0003677,0.009018428
PF15753,GO:0008320,0.008971627
PF10367,GO:0046332,0.008967874
PF13977,GO:0003677,0.008949661
PF16524,GO:0000155,0.008947989
PF13848,GO:0004656,0.008939029
PF17130,GO:0004731,0.00892784
PF08889,GO:0047429,0.00892702
PF12038,GO:0016757,0.00892309
PF06430,GO:0003887,0.008907261
PF12044,GO:0008237,0.008899008
PF15324,GO:0004801,0.008891281
PF03592,GO:0003677,0.008888886
PF12436,GO:0004843,0.008878096
PF09209,GO:0003677,0.008870535
PF03310,GO:0003677,0.008870019
PF12296,GO:0008289,0.008855479
PF06148,GO:0008565,0.008855175
PF03286,GO:0003746,0.008833561
PF07545,GO:0003713,0.008815446
PF13559,GO:0003810,0.008803711
PF04694,GO:0004637,0.008803514
PF02946,GO:0003677,0.008800278
PF15933,GO:0045735,0.008791488
PF14332,GO:0045735,0.008791488
PF14443,GO:0030374,0.008790852
PF12999,GO:0005509,0.008790161
PF04827,GO:0016788,0.008776424
PF14299,GO:0030246,0.008775338
PF09427,GO:0032810,0.00877193
PF13527,GO:0047921,0.00877193
PF02352,GO:0034459,0.00877193
PF04836,GO:0061629,0.00877193
PF04971,GO:0034291,0.00877193
PF04050,GO:0003723,0.008768894
PF04841,GO:0003779,0.00876839
PF09340,GO:0043994,0.008749027
PF10366,GO:0046332,0.008745902
PF01698,GO:0031490,0.008743575
PF06646,GO:0005215,0.00872867
PF10142,GO:0045499,0.008715221
PF06152,GO:0005198,0.008702266
PF07065,GO:0000287,0.008690807
PF07734,GO:0004842,0.0086865
PF07738,GO:0004842,0.00868538
PF08274,GO:0047400,0.008683803
PF15949,GO:0008270,0.008676826
PF06356,GO:0004536,0.008668803
PF10257,GO:0000339,0.008657259
PF04228,GO:0008237,0.008638762
PF08951,GO:0008113,0.008621208
PF02068,GO:0008270,0.008609708
PF03237,GO:0005524,0.008597308
PF04219,GO:0015171,0.008574148
PF13627,GO:0015171,0.008574148
PF02674,GO:0004252,0.008553296
PF15113,GO:0016286,0.008548563
PF07922,GO:0016757,0.008508327
PF04886,GO:0004872,0.008504301
PF14989,GO:0004757,0.00850389
PF00806,GO:0003730,0.008489665
PF10334,GO:0015140,0.008480356
PF04200,GO:0016992,0.008475745
PF05326,GO:0004190,0.008453143
PF08577,GO:0070628,0.008443276
PF05794,GO:0004803,0.008440793
PF12559,GO:0004867,0.008436455
PF16361,GO:0004252,0.008407495
PF08114,GO:0030234,0.008396473
PF13525,GO:0004553,0.008389904
PF09331,GO:0008234,0.008378132
PF11996,GO:0004197,0.00837328
PF07577,GO:0008201,0.008363707
PF11871,GO:0071111,0.008339143
PF08481,GO:0003796,0.008336309
PF13359,GO:0004518,0.008328864
PF03614,GO:0003700,0.008321914
PF04012,GO:0097657,0.008321783
PF04832,GO:0015538,0.008321783
PF14545,GO:0036312,0.008321783
PF03487,GO:0005144,0.008321783
PF09237,GO:0031208,0.008321783
PF16911,GO:0016746,0.008320991
PF04081,GO:0003887,0.008314833
PF03415,GO:0008234,0.008305334
PF03608,GO:0103111,0.00830519
PF04366,GO:0035091,0.008304337
PF07106,GO:0030374,0.008301479
PF14186,GO:0035091,0.00829325
PF06335,GO:0009030,0.008288695
PF03420,GO:0008233,0.008286872
PF03324,GO:0004386,0.008277598
PF04925,GO:0051082,0.008276226
PF02342,GO:0030552,0.008263465
PF09313,GO:0008757,0.008252164
PF13972,GO:0003677,0.008234891
PF04710,GO:0061630,0.00822386
PF09692,GO:0008428,0.008217306
PF10193,GO:0042162,0.008210694
PF12385,GO:0008234,0.00820368
PF09327,GO:0008234,0.00820368
PF13550,GO:0008234,0.00820368
PF12421,GO:0008234,0.00820368
PF09028,GO:0008234,0.00820368
PF03327,GO:0003677,0.008197484
PF04280,GO:0051087,0.008191548
PF13490,GO:0016989,0.008185956
PF06934,GO:0016853,0.008175395
PF14239,GO:0004519,0.00816322
PF06229,GO:0051015,0.008157772
PF11591,GO:0051537,0.00814316
PF16030,GO:0004252,0.008127747
PF05316,GO:0003735,0.008120581
PF08828,GO:0043565,0.008116689
PF13851,GO:0017137,0.008114648
PF15384,GO:0032947,0.008113929
PF08169,GO:0003677,0.008113141
PF13174,GO:0070738,0.008107825
PF08317,GO:0051010,0.00810353
PF07921,GO:0046789,0.008085691
PF06613,GO:0003677,0.008067079
PF14515,GO:0004553,0.008053229
PF13008,GO:0046872,0.008050694
PF12394,GO:0052689,0.008049543
PF00451,GO:0019870,0.008045489
PF03642,GO:0015288,0.008041215
PF09230,GO:0004536,0.008028833
PF12256,GO:0003956,0.008019964
PF13893,GO:0030620,0.00800764
PF02029,GO:0045159,0.007991705
PF02830,GO:0043565,0.007984214
PF08691,GO:0019789,0.007982721
PF14598,GO:0030374,0.007978146
PF12816,GO:0008270,0.007976365
PF10102,GO:0008565,0.007969692
PF11982,GO:0051536,0.007936857
PF01787,GO:0003723,0.00792871
PF12786,GO:0004197,0.007925711
PF09739,GO:0003682,0.007924888
PF01465,GO:0030306,0.007902805
PF10270,GO:0015095,0.007899746
PF11551,GO:0004553,0.007880171
PF10433,GO:0003684,0.007865541
PF03708,GO:0000155,0.007856335
PF05004,GO:0061629,0.007845853
PF11758,GO:0005199,0.007836184
PF01417,GO:0080025,0.007824047
PF01951,GO:0046872,0.007815998
PF02372,GO:0004067,0.007814656
PF12345,GO:0051536,0.007786825
PF10495,GO:0015459,0.007779386
PF02508,GO:0008137,0.007769411
PF04390,GO:0001530,0.007764318
PF16380,GO:0030570,0.007754471
PF10602,GO:0005095,0.007735702
PF12246,GO:0004518,0.007720131
PF04611,GO:0043565,0.007703283
PF05580,GO:0008236,0.007695444
PF12247,GO:0004518,0.007694435
PF11952,GO:0002039,0.007689889
PF05030,GO:0030374,0.007684357
PF14049,GO:0003682,0.007679801
PF16744,GO:0005509,0.007667933
PF10240,GO:0008289,0.007664182
PF06542,GO:0046920,0.007658275
PF15018,GO:0005246,0.007645521
PF03914,GO:0003682,0.007635228
PF10715,GO:0004518,0.007628198
PF13831,GO:0008270,0.007625363
PF07374,GO:0016987,0.007611461
PF07282,GO:0003677,0.007609682
PF14804,GO:0003676,0.007601523
PF04949,GO:0047964,0.007596714
PF05106,GO:0034291,0.007596714
PF09505,GO:0043791,0.007596714
PF11031,GO:0034291,0.007596714
PF04403,GO:0045156,0.007596714
PF05515,GO:0043765,0.007596714
PF04319,GO:0016163,0.007596714
PF15768,GO:0015403,0.007596714
PF06516,GO:0015506,0.007596714
PF14928,GO:0046872,0.007593477
PF08287,GO:0051010,0.00758958
PF16790,GO:0003677,0.00757979
PF14047,GO:0003682,0.007560438
PF02309,GO:0003677,0.007558401
PF03931,GO:0004842,0.007555227
PF04049,GO:0004842,0.007551356
PF16958,GO:0008270,0.007550494
PF17214,GO:0003723,0.00754328
PF15289,GO:0003713,0.007538909
PF14032,GO:0004674,0.007530825
PF11610,GO:0005546,0.007522166
PF07553,GO:0033925,0.007521868
PF07886,GO:0030246,0.007518797
PF04074,GO:0015238,0.007518797
PF02705,GO:0009674,0.007517
PF15358,GO:0019901,0.007514311
PF01963,GO:0008237,0.00750567
PF13592,GO:0003677,0.007501913
PF11466,GO:0005507,0.007499497
PF13103,GO:0005215,0.007499216
PF13511,GO:0008933,0.007494708
PF08651,GO:0051010,0.007490876
PF01533,GO:0003723,0.00748779
PF03295,GO:0008270,0.007486705
PF04740,GO:0004518,0.007482555
PF05159,GO:0004749,0.007473182
PF16900,GO:0003697,0.007469731
PF08654,GO:0051010,0.007462145
PF10497,GO:0032454,0.007459435
PF16677,GO:0003677,0.007453967
PF04343,GO:0015144,0.007431349
PF15512,GO:0042393,0.007431038
PF15202,GO:0015171,0.00742543
PF08528,GO:0000989,0.007420211
PF03754,GO:0003677,0.007417268
PF07946,GO:0005509,0.007409225
PF17114,GO:0005089,0.007399987
PF10213,GO:0003735,0.007396239
PF15972,GO:0016015,0.007390048
PF01446,GO:0003677,0.00737394
PF08810,GO:0016301,0.007370697
PF16401,GO:0015019,0.007369895
PF03746,GO:0016810,0.00736641
PF04840,GO:0003779,0.007361663
PF12832,GO:0015293,0.00736166
PF05508,GO:0005096,0.00736124
PF10133,GO:0016857,0.007352615
PF17129,GO:0004731,0.007348688
PF06226,GO:0015099,0.007338728
PF10851,GO:0016849,0.007326909
PF09183,GO:0003723,0.007321569
PF09158,GO:0008565,0.007318417
PF09114,GO:0008565,0.007318417
PF00236,GO:0046982,0.007316996
PF07356,GO:0008080,0.007298687
PF10969,GO:0008080,0.007298687
PF06694,GO:0051011,0.007298687
PF04932,GO:0008754,0.007298687
PF03909,GO:0010314,0.00729495
PF01690,GO:0005198,0.007294878
PF05167,GO:0009035,0.007293079
PF05145,GO:0004497,0.007282326
PF07705,GO:0030246,0.007279196
PF10683,GO:0046983,0.007278336
PF07062,GO:0019855,0.007277055
PF13549,GO:0005524,0.007254763
PF00335,GO:1990459,0.007236473
PF07362,GO:0003677,0.007233911
PF08381,GO:0043531,0.00723166
PF04852,GO:0003677,0.007223045
PF09220,GO:0008174,0.007221333
PF03501,GO:0003735,0.007218905
PF05466,GO:0003714,0.0072133
PF08650,GO:0051010,0.007206434
PF06956,GO:0003700,0.007171341
PF14657,GO:0003677,0.007169869
PF15943,GO:0003677,0.0071687
PF08954,GO:0051015,0.007167377
PF17078,GO:0003723,0.007165923
PF04257,GO:0004003,0.007162251
PF07328,GO:0004519,0.007154961
PF10998,GO:0071617,0.00715109
PF10475,GO:0019905,0.007148246
PF10494,GO:0004674,0.007146698
PF15040,GO:0048019,0.007140946
PF04579,GO:0005198,0.007137391
PF08119,GO:0019870,0.007118444
PF11546,GO:0008200,0.007112376
PF11504,GO:0008200,0.007112376
PF08294,GO:0008566,0.007108158
PF02616,GO:0004146,0.007098219
PF15327,GO:0071532,0.007096841
PF06184,GO:0005198,0.007094221
PF02966,GO:0052909,0.007093617
PF09047,GO:0004864,0.007081626
PF06803,GO:0008270,0.007079203
PF10488,GO:0004722,0.007070996
PF14645,GO:0005044,0.007068622
PF08920,GO:0003729,0.007062389
PF09784,GO:0003735,0.007044653
PF12388,GO:0008237,0.007034473
PF11427,GO:0003677,0.007027996
PF16809,GO:0030414,0.007025667
PF10465,GO:0030414,0.007025667
PF06262,GO:0008237,0.007011122
PF06304,GO:0003723,0.007004482
PF17202,GO:0000155,0.007004374
PF14662,GO:0004315,0.007003241
PF03179,GO:0046961,0.007002001
PF03699,GO:0047760,0.006998286
PF04057,GO:0003697,0.006986386
PF04999,GO:0009002,0.006983485
PF04316,GO:0004832,0.006979965
PF07955,GO:0016491,0.00697726
PF06113,GO:0031593,0.006971223
PF14893,GO:0030374,0.006962512
PF04046,GO:0008270,0.006959781
PF04216,GO:0008863,0.006959605
PF04726,GO:0003677,0.006955995
PF04797,GO:0004170,0.006943867
PF17222,GO:0004197,0.006942201
PF05907,GO:0030550,0.006927607
PF08775,GO:0003677,0.006925505
PF16696,GO:0000285,0.006898329
PF05045,GO:0004197,0.006896611
PF17033,GO:0004731,0.006890824
PF07825,GO:0003677,0.006888424
PF13481,GO:0005524,0.006862318
PF12773,GO:0016849,0.006856817
PF08629,GO:0004115,0.006856738
PF15536,GO:0005544,0.006841388
PF05366,GO:0030234,0.006839856
PF06162,GO:0016920,0.006808563
PF10568,GO:0003886,0.006808338
PF10345,GO:0003910,0.006808069
PF16339,GO:0004565,0.006805869
PF08621,GO:0003899,0.006802223
PF08620,GO:0003899,0.006802223
PF13997,GO:0052851,0.006794708
PF15487,GO:0097677,0.006794708
PF03285,GO:0031750,0.006794708
PF09282,GO:1990448,0.006794708
PF15666,GO:0045159,0.006794708
PF15316,GO:0030957,0.006794708
PF06376,GO:0015192,0.006794708
PF05022,GO:0034512,0.006794708
PF06372,GO:0030622,0.006794708
PF08653,GO:0051010,0.006790459
PF06398,GO:0032266,0.006788465
PF12267,GO:0008174,0.006784651
PF05929,GO:0008236,0.006784538
PF10119,GO:0046539,0.006784116
PF07614,GO:0035438,0.006781588
PF10544,GO:0004386,0.006777836
PF04709,GO:0005179,0.006772884
PF15731,GO:0043565,0.006769422
PF10607,GO:0004842,0.006766376
PF12659,GO:0043047,0.006763244
PF17159,GO:0000155,0.006756773
PF09038,GO:0042393,0.006743383
PF03318,GO:0005537,0.006731745
PF16349,GO:0004565,0.0067214
PF00272,GO:0042813,0.00671461
PF13748,GO:0042626,0.006712755
PF06002,GO:0016757,0.00671007
PF10729,GO:0003677,0.006705742
PF00841,GO:0003677,0.006695057
PF15497,GO:0003700,0.006681634
PF14401,GO:0008716,0.006677499
PF06241,GO:0008324,0.006675176
PF05139,GO:0004719,0.006674164
PF16819,GO:0033918,0.006673891
PF03666,GO:0005096,0.006673564
PF13022,GO:0003677,0.006672986
PF16099,GO:0000166,0.006670336
PF04514,GO:0003723,0.006668137
PF08655,GO:0051010,0.006658846
PF10797,GO:0051537,0.006654233
PF06953,GO:0003677,0.006649462
PF03230,GO:0004519,0.006648533
PF11650,GO:0016787,0.006634108
PF05634,GO:0003723,0.006631956
PF00846,GO:0003723,0.006625822
PF04315,GO:0003746,0.006624103
PF12798,GO:0051539,0.006614818
PF01275,GO:0005262,0.006610207
PF08803,GO:0004497,0.00660604
PF16963,GO:0035438,0.006589635
PF02944,GO:0043035,0.006589564
PF11350,GO:0008237,0.006582815
PF05290,GO:0008270,0.006580798
PF03640,GO:0033905,0.006580376
PF14215,GO:0003677,0.006579708
PF06859,GO:1990276,0.006578947
PF15360,GO:0031704,0.006578947
PF07189,GO:0000384,0.006578947
PF01120,GO:0033938,0.006578947
PF16965,GO:0030234,0.006568957
PF13610,GO:0003676,0.006566579
PF13229,GO:0030570,0.006554414
PF11807,GO:0016841,0.006554414
PF16059,GO:0003700,0.006551337
PF07010,GO:0030246,0.006544933
PF07961,GO:0043022,0.006537507
PF01957,GO:0008233,0.006527224
PF04439,GO:0016779,0.006525123
PF06760,GO:0004672,0.006519702
PF08759,GO:0008919,0.00651763
PF00771,GO:0004575,0.006514129
PF11884,GO:0000155,0.006513493
PF12010,GO:0004435,0.006511207
PF11390,GO:0008863,0.006507406
PF09491,GO:0009036,0.006499162
PF08646,GO:0003697,0.006482434
PF02104,GO:0004129,0.006481461
PF15136,GO:0008201,0.0064785
PF16546,GO:1904288,0.0064785
PF05300,GO:0001227,0.006475018
PF07781,GO:0005198,0.00646886
PF12037,GO:0005524,0.00646002
PF10395,GO:0030515,0.006455904
PF11849,GO:0071111,0.006450836
PF09766,GO:0003729,0.006450648
PF14859,GO:0051537,0.006450317
PF05128,GO:0005525,0.006449133
PF15720,GO:0005089,0.006446496
PF15068,GO:0031005,0.006446026
PF09735,GO:0008940,0.006443449
PF03220,GO:0003723,0.006432251
PF14705,GO:0003779,0.006421857
PF06056,GO:0005524,0.006420801
PF15906,GO:0061630,0.006420647
PF15296,GO:0000155,0.00641467
PF11705,GO:0001056,0.006408904
PF14621,GO:0000978,0.006405404
PF01480,GO:0003676,0.006395022
PF04749,GO:0003682,0.006394835
PF07693,GO:0030165,0.006386645
PF08462,GO:0005198,0.006383631
PF16100,GO:0003677,0.006380635
PF14514,GO:0003677,0.006380129
PF03962,GO:0003690,0.006378089
PF04246,GO:0005096,0.006375021
PF05651,GO:0003677,0.006368198
PF14563,GO:0004078,0.006367552
PF14904,GO:0008168,0.006365923
PF06070,GO:0005198,0.006365409
PF16974,GO:0015112,0.00635645
PF07805,GO:0004674,0.006351937
PF13585,GO:0004252,0.006334262
PF09599,GO:0008676,0.006330595
PF16543,GO:0046872,0.006316627
PF14517,GO:0030246,0.006315173
PF07484,GO:0046872,0.006314317
PF03929,GO:0010181,0.006313382
PF10622,GO:0047429,0.006312356
PF06530,GO:0003677,0.006311753
PF13694,GO:0005507,0.006294275
PF14925,GO:0004325,0.006294275
PF06840,GO:0047485,0.006294008
PF12240,GO:0043532,0.006290677
PF15255,GO:1905394,0.006290677
PF16674,GO:0004843,0.006285045
PF03359,GO:0001540,0.006278113
PF05235,GO:0050355,0.006267118
PF03227,GO:0033743,0.006265664
PF16694,GO:0009055,0.006264044
PF11398,GO:0004519,0.006263433
PF15460,GO:0004402,0.006261693
PF07564,GO:0050480,0.006258572
PF06061,GO:0008270,0.006247904
PF07454,GO:0008745,0.006240052
PF05174,GO:0004750,0.006231608
PF13832,GO:0008270,0.006226083
PF15227,GO:0008270,0.006226083
PF04071,GO:0043756,0.006217492
PF08713,GO:0005319,0.006213055
PF16661,GO:0003723,0.006209723
PF16273,GO:0051082,0.006208413
PF14210,GO:0004803,0.006206439
PF07102,GO:0000405,0.006202691
PF16687,GO:0004850,0.006202691
PF02593,GO:0004799,0.006187183
PF16892,GO:0046983,0.006175873
PF13383,GO:0008168,0.006170504
PF08171,GO:0004672,0.006158832
PF01818,GO:0003723,0.006149122
PF11418,GO:0003677,0.006149095
PF15005,GO:0086080,0.006146044
PF11232,GO:0008982,0.006141579
PF05671,GO:0016422,0.00613935
PF08585,GO:0000400,0.006137861
PF02120,GO:0046961,0.0061349
PF09274,GO:0001141,0.006118297
PF10195,GO:0003682,0.00611238
PF12323,GO:0003886,0.006099982
PF06105,GO:0004175,0.006098855
PF01299,GO:0001618,0.006096913
PF03997,GO:0032403,0.006094973
PF02552,GO:0018492,0.00609457
PF09021,GO:0003729,0.006088586
PF16452,GO:0003677,0.006083812
PF11913,GO:0004140,0.006080913
PF07905,GO:0003677,0.006080902
PF09485,GO:0003723,0.006071575
PF11970,GO:0005536,0.006071519
PF13744,GO:0043565,0.006067671
PF08483,GO:0005524,0.006060025
PF03927,GO:0005048,0.006057185
PF04837,GO:0004721,0.006050006
PF11262,GO:0003729,0.006047893
PF10530,GO:0008200,0.006041827
PF17217,GO:0005043,0.006037256
PF11581,GO:0048019,0.006037256
PF07404,GO:0043047,0.006037256
PF08848,GO:0003677,0.006036889
PF12606,GO:0005031,0.006031073
PF11544,GO:0005200,0.006028656
PF00559,GO:0003723,0.006023656
PF17171,GO:0003886,0.006023008
PF08269,GO:0004871,0.006022101
PF00055,GO:0005201,0.006021653
PF04916,GO:0016787,0.006012121
PF12428,GO:0008270,0.006007151
PF14921,GO:0017147,0.005997925
PF15458,GO:0001078,0.005992333
PF06824,GO:0003824,0.005980049
PF05956,GO:0019887,0.005958994
PF02206,GO:0004725,0.005957518
PF01254,GO:0003677,0.005957239
PF04341,GO:0015293,0.005956299
PF12793,GO:0003677,0.0059354
PF03908,GO:0005484,0.005931177
PF08936,GO:0004089,0.005928694
PF14191,GO:0003896,0.005928397
PF12167,GO:0003677,0.00592108
PF12406,GO:0005375,0.005919421
PF04260,GO:0035438,0.005914034
PF00918,GO:0005179,0.005912596
PF13862,GO:0019207,0.005908443
PF13036,GO:0030234,0.00590155
PF00428,GO:0070180,0.005899936
PF12600,GO:0070300,0.005897254
PF08965,GO:0003677,0.005892217
PF08569,GO:0043539,0.005891264
PF11816,GO:0036459,0.00589085
PF12979,GO:0033904,0.005887334
PF02083,GO:0004332,0.005887334
PF07338,GO:0047405,0.005884389
PF05707,GO:0050404,0.005884389
PF05837,GO:0043515,0.005884389
PF12210,GO:0047291,0.005884389
PF04893,GO:0017137,0.005877047
PF14336,GO:0046872,0.005875307
PF04885,GO:0010475,0.005865358
PF02097,GO:0004621,0.005851968
PF14980,GO:0048018,0.005851968
PF08112,GO:0042626,0.005848433
PF12453,GO:0005001,0.005847953
PF12567,GO:0005001,0.005847953
PF13230,GO:0003840,0.005838392
PF11353,GO:0008289,0.005837872
PF15095,GO:0005125,0.005834524
PF02336,GO:0005198,0.005826777
PF04833,GO:0030247,0.005819629
PF02232,GO:0003677,0.005812357
PF06734,GO:0004674,0.005804959
PF04203,GO:0008234,0.005800878
PF05509,GO:0003677,0.005786476
PF05439,GO:0030374,0.005777042
PF10443,GO:0003723,0.005762742
PF05918,GO:0017134,0.005759054
PF03395,GO:0005198,0.005758388
PF17211,GO:0061630,0.005752359
PF09864,GO:0060241,0.005742576
PF07291,GO:0015035,0.005741279
PF10292,GO:0004930,0.005730404
PF09257,GO:0004872,0.005728711
PF11784,GO:0004386,0.005721086
PF06438,GO:0046872,0.00572058
PF03748,GO:0016987,0.005714939
PF02792,GO:0003723,0.005714505
PF09809,GO:0003735,0.005706174
PF03773,GO:0005096,0.005701992
PF09806,GO:0070182,0.005695667
PF03916,GO:0042279,0.005684145
PF11155,GO:0046872,0.005682225
PF02594,GO:0008127,0.00568202
PF09048,GO:0001047,0.005677008
PF15014,GO:0005537,0.005662256
PF12538,GO:0003677,0.005659477
PF08626,GO:0017112,0.005652169
PF04531,GO:0034291,0.005649918
PF02598,GO:0008168,0.005649274
PF14484,GO:0005524,0.005644971
PF13535,GO:0016874,0.005642049
PF00624,GO:0005537,0.005641979
PF13826,GO:0004497,0.00563863
PF03488,GO:0005179,0.005637516
PF09590,GO:0005198,0.005626889
PF16134,GO:0003729,0.005622607
PF09803,GO:0051082,0.005620663
PF15704,GO:0050897,0.005600394
PF12201,GO:0051400,0.005599949
PF01468,GO:0050480,0.005597837
PF01452,GO:0046872,0.005594819
PF13023,GO:0016791,0.005594693
PF09335,GO:0004803,0.005592778
PF06473,GO:0008201,0.005583363
PF03813,GO:0003723,0.005572486
PF05532,GO:0015105,0.005570181
PF12874,GO:0008270,0.005568778
PF08284,GO:0004190,0.005562831
PF14449,GO:0004518,0.00556194
PF06216,GO:0008022,0.005561605
PF11637,GO:0004386,0.005557585
PF12135,GO:0030246,0.005556442
PF04356,GO:0070626,0.005555268
PF07506,GO:0003677,0.005553181
PF09773,GO:0031005,0.005547856
PF08308,GO:0004674,0.005542201
PF08522,GO:0033925,0.005536787
PF06568,GO:0008483,0.005535568
PF05802,GO:0008483,0.005535568
PF10689,GO:0002161,0.005534344
PF03878,GO:0004342,0.00553312
PF14839,GO:0030374,0.005532201
PF10583,GO:0030674,0.005532164
PF11826,GO:0003746,0.005529078
PF08574,GO:0035591,0.005529021
PF09385,GO:0000155,0.00552058
PF14786,GO:0004871,0.005518686
PF04689,GO:0003677,0.005514624
PF11788,GO:0016787,0.005510217
PF09905,GO:0003677,0.005503583
PF12584,GO:0017112,0.005503233
PF14361,GO:0000155,0.00547627
PF10406,GO:0046982,0.005472963
PF15684,GO:0003855,0.005469415
PF11732,GO:0003729,0.005468171
PF09347,GO:0004047,0.005436822
PF16164,GO:0019865,0.005435766
PF15721,GO:0004872,0.005435042
PF15577,GO:0051010,0.005430654
PF05548,GO:0004222,0.005429795
PF12949,GO:0031490,0.005427694
PF04700,GO:0005198,0.005426954
PF03108,GO:0008270,0.005426164
PF15310,GO:0003779,0.005425775
PF07430,GO:0004869,0.005424933
PF07432,GO:0003677,0.005418191
PF06209,GO:0003746,0.005410883
PF09255,GO:0003743,0.00540672
PF14195,GO:0003896,0.00540135
PF09387,GO:0003677,0.005400452
PF06798,GO:0004674,0.005399155
PF08741,GO:0004222,0.005397614
PF02510,GO:0004222,0.005397614
PF14570,GO:0008270,0.005391946
PF10037,GO:0004784,0.005380663
PF05784,GO:0039660,0.005380663
PF15070,GO:0061676,0.005371688
PF08298,GO:0004674,0.005354576
PF09288,GO:0005524,0.005343401
PF09821,GO:0015411,0.00533714
PF13601,GO:0003700,0.005330304
PF03584,GO:0003677,0.005330277
PF02517,GO:0004222,0.0053254
PF10564,GO:0030246,0.005316592
PF16672,GO:0032947,0.005316592
PF11476,GO:0030246,0.005316592
PF07759,GO:0030246,0.005316592
PF13017,GO:0003677,0.005298895
PF10144,GO:0016979,0.005295788
PF05924,GO:0019887,0.005286818
PF12326,GO:0008378,0.005277777
PF12966,GO:0052381,0.005275835
PF08401,GO:0003899,0.0052757
PF03739,GO:0015437,0.005265949
PF05829,GO:0003677,0.005265633
PF15991,GO:0005095,0.005263158
PF07894,GO:0036313,0.005263158
PF06632,GO:0003677,0.005263006
PF10978,GO:1990137,0.005261054
PF03619,GO:0005215,0.005259867
PF08511,GO:0008289,0.005242654
PF09089,GO:0046872,0.005242526
PF14512,GO:0016491,0.005241278
PF06133,GO:0004371,0.00523393
PF05854,GO:0003677,0.005233826
PF15862,GO:0030620,0.005223319
PF14542,GO:0016740,0.005212899
PF07126,GO:0033711,0.00520926
PF09644,GO:0010181,0.00520722
PF04501,GO:0005198,0.005204803
PF01439,GO:0046870,0.005197346
PF04479,GO:0003964,0.005190986
PF12282,GO:0004673,0.005189861
PF04513,GO:0005198,0.005179933
PF09480,GO:0008565,0.005174902
PF13715,GO:0004872,0.00517157
PF04994,GO:0052717,0.005165946
PF11559,GO:0051011,0.005160951
PF11132,GO:0008080,0.005160951
PF08139,GO:0008080,0.005160951
PF01866,GO:0090560,0.005160951
PF04222,GO:0008080,0.005160951
PF11655,GO:0047429,0.005154017
PF04512,GO:0005198,0.005153044
PF04338,GO:0004521,0.005151055
PF00396,GO:0004197,0.005144328
PF01894,GO:0015299,0.005141215
PF05450,GO:0004175,0.005140012
PF13191,GO:0003688,0.005136316
PF05600,GO:0097371,0.005136316
PF12417,GO:0001078,0.005131702
PF02322,GO:0016682,0.005130468
PF11845,GO:0000155,0.005119416
PF02578,GO:0005507,0.005105233
PF03585,GO:0003677,0.00509746
PF09750,GO:0003723,0.005097148
PF11954,GO:0008800,0.005082863
PF12719,GO:1990814,0.005069495
PF14889,GO:0008233,0.005067878
PF14888,GO:0008233,0.00506728
PF09231,GO:0005198,0.00506597
PF04680,GO:0004985,0.005064476
PF07471,GO:0003720,0.005064476
PF05082,GO:0003906,0.005058858
PF11566,GO:0070628,0.005045822
PF11614,GO:0051539,0.005043351
PF13746,GO:0051539,0.005043351
PF05567,GO:0008253,0.005042116
PF08035,GO:0004792,0.005031047
PF09649,GO:0008824,0.005023708
PF07740,GO:0019871,0.005022678
PF08115,GO:0008200,0.005015489
PF07398,GO:0046872,0.005010366
PF03799,GO:0004435,0.005008991
PF04441,GO:0003677,0.005002785